molecule_chembl_id,canonical_smiles,reason,split
CHEMBL5924356,O=C(Nc1cccc(-c2nnc3n2CCCC3)n1)c1cc(-n2cnc(C3CC3)c2)c(N2CCOCC2)cc1F,>2 rings causes RDKit C++ hang - bypassed,train
CHEMBL5561406,Cc1cc(F)c(C(=O)Nc2cccc(-c3nnc4n3CCS(=O)(=O)C4)n2)cc1-n1cnc(C2CC2)c1,>2 rings causes RDKit C++ hang - bypassed,train
CHEMBL5517887,Cc1cc(F)c(C(=O)Nc2cccc(-c3nnc4sccn34)n2)cc1-n1cnc(C2CC2)c1,>2 rings causes RDKit C++ hang - bypassed,train
CHEMBL4213241,c1ccc(Nc2ncc3cc(-c4cn[nH]c4)ccc3n2)cc1,>2 rings causes RDKit C++ hang - bypassed,train
CHEMBL4215414,CC(=O)Nc1cccc(Nc2ncc3cc(-c4cn[nH]c4)ccc3n2)c1,>2 rings causes RDKit C++ hang - bypassed,train
CHEMBL4205418,CC(=O)Nc1cccc(Nc2ncc3cc(-c4cnn(C)c4)ccc3n2)c1,>2 rings causes RDKit C++ hang - bypassed,train
CHEMBL4217652,Nc1cccc(Nc2ncc3cc(-c4cn[nH]c4)ccc3n2)c1,>2 rings causes RDKit C++ hang - bypassed,train
CHEMBL4853834,CC(C)n1cnnc1-c1cccc(NC(=O)c2cc3ccccc3[nH]2)n1,>2 rings causes RDKit C++ hang - bypassed,train
CHEMBL4878207,CC(C)n1cnnc1-c1cccc(NC(=O)c2cc3ccccc3n2C)n1,>2 rings causes RDKit C++ hang - bypassed,train
CHEMBL4848718,Cc1c(C(=O)Nc2cccc(-c3nncn3C(C)C)n2)[nH]c2ccccc12,>2 rings causes RDKit C++ hang - bypassed,train
CHEMBL4855351,Cc1ccc2cc(C(=O)Nc3cccc(-c4nncn4C(C)C)n3)[nH]c2c1,>2 rings causes RDKit C++ hang - bypassed,train
CHEMBL4870487,COc1ccc2cc(C(=O)Nc3cccc(-c4nncn4C(C)C)n3)[nH]c2c1,>2 rings causes RDKit C++ hang - bypassed,train
CHEMBL4846645,CC(=O)Nc1cccc2cc(C(=O)Nc3cccc(-c4nncn4C(C)C)n3)[nH]c12,>2 rings causes RDKit C++ hang - bypassed,train
CHEMBL4854772,CC(C)n1cnnc1-c1cccc(NC(=O)c2cc3cccc(Cl)c3[nH]2)n1,>2 rings causes RDKit C++ hang - bypassed,train
CHEMBL4850703,C[C@H](CO)n1cnnc1-c1cccc(NC(=O)c2cc3ccccc3[nH]2)n1,>2 rings causes RDKit C++ hang - bypassed,train
CHEMBL5903474,COc1cc2c(cc1C(=O)Nc1cccc(-c3nnnn3[C@H](C)CO)n1)CN(C(=O)c1ccccn1)CC2,>2 rings causes RDKit C++ hang - bypassed,train
CHEMBL5845783,C[C@H](CO)n1nnnc1-c1cccc(NC(=O)c2cc3c(cc2F)CCN(C(=O)c2ccccn2)C3)n1,>2 rings causes RDKit C++ hang - bypassed,train
CHEMBL5925842,CC(C)n1cnnc1-c1cccc(NC(=O)c2cc(NC(=O)c3cccnc3)ccc2F)n1,>2 rings causes RDKit C++ hang - bypassed,train
CHEMBL5945152,CC(C)n1nnnc1-c1cccc(NC(=O)c2cc(-n3cnc(C4CC4)c3)c(N3CCCC3)cn2)n1,>2 rings causes RDKit C++ hang - bypassed,train
CHEMBL6025747,C[C@H](CO)n1nnnc1-c1cccc(NC(=O)c2cc3c(cn2)CCN(C(=O)C2CC2)C3)n1,>2 rings causes RDKit C++ hang - bypassed,train
CHEMBL5866949,CC(C)n1nnnc1-c1cccc(NC(=O)c2cc(-n3cnc(C4CC4)c3)c(N3CCN(C)CC3)cn2)n1,>2 rings causes RDKit C++ hang - bypassed,train
CHEMBL5896809,CC(C)n1cnnc1-c1cccc(NC(=O)c2cc(NC(=O)c3ccncc3)ccc2F)n1,>2 rings causes RDKit C++ hang - bypassed,train
CHEMBL5751636,CC(C)n1nnnc1-c1cccc(NC(=O)c2cc3c(cc2F)CCN(c2ccccc2)C3)n1,>2 rings causes RDKit C++ hang - bypassed,train
CHEMBL6028628,COc1cc2c(cc1C(=O)Nc1cccc(-c3nnnn3[C@H](C)CO)n1)CN(c1c(N)c(=O)c1=O)CC2,>2 rings causes RDKit C++ hang - bypassed,train
CHEMBL5887040,Cc1cc(F)c(C(=O)Nc2cccc(-c3nnnn3C(C)C)n2)cc1-c1ccncc1,>2 rings causes RDKit C++ hang - bypassed,train
CHEMBL5761453,CCN1CCc2cc(F)c(C(=O)Nc3cccc(-c4nnnn4C(C)C)n3)cc2C1=O,>2 rings causes RDKit C++ hang - bypassed,train
CHEMBL5956684,O=C1c2ccccc2CN1c1cccc(-n2ccnn2)n1,>2 rings causes RDKit C++ hang - bypassed,train
CHEMBL6003479,CC(C)n1nnnc1-c1nc(NC(=O)c2cc(-n3cnc(C4CC4)c3)c(N3CCCCC3)cn2)cs1,>2 rings causes RDKit C++ hang - bypassed,train
CHEMBL5869103,CC1CCN(c2cnc(C(=O)Nc3csc(-c4nnnn4C(C)C)n3)cc2-n2cnc(C3CC3)c2)CC1,>2 rings causes RDKit C++ hang - bypassed,train
CHEMBL5866467,Cn1cncc1-c1ccc2c(c1)C(=O)Nc1cccc(n1)-c1nncn1CCCCO2,Bridgehead atoms cause C++ RDKit hang,train
CHEMBL3954836,CC(C)Oc1ccc2c(c1)C(=O)N(c1cccc(-c3nncn3[C@H](C)CO)n1)C2,>2 rings causes RDKit C++ hang - bypassed,train
CHEMBL3975466,COCCOc1ccc2c(c1)C(=O)N(c1cccc(-c3nncn3[C@H](C)CO)n1)C2,>2 rings causes RDKit C++ hang - bypassed,train
CHEMBL3966978,COCCOc1ccc2c(c1)C(=O)N(c1cccc(-c3nncn3C(C)C)n1)C2,>2 rings causes RDKit C++ hang - bypassed,train
CHEMBL3937245,CC(C)Oc1ccc2c(c1)C(=O)N(c1cccc(-c3nncn3C(C)C)n1)C2,>2 rings causes RDKit C++ hang - bypassed,train
CHEMBL3928256,CC(CC#N)n1cnnc1-c1cccc(N2Cc3ccccc3C2=O)n1,>2 rings causes RDKit C++ hang - bypassed,train
CHEMBL3925645,CC(CF)n1cnnc1-c1cccc(N2Cc3ccccc3C2=O)n1,>2 rings causes RDKit C++ hang - bypassed,train
CHEMBL3953259,CC(CCO)n1cnnc1-c1cccc(N2Cc3ccccc3C2=O)n1,>2 rings causes RDKit C++ hang - bypassed,train
CHEMBL3934521,C[C@@H](CO)n1cnnc1-c1cccc(N2Cc3ccccc3C2=O)n1,>2 rings causes RDKit C++ hang - bypassed,train
CHEMBL3962015,C[C@H](CO)n1cnnc1-c1cccc(N2Cc3ccccc3C2=O)n1,>2 rings causes RDKit C++ hang - bypassed,train
CHEMBL3943495,CC[C@H](C)n1cnnc1-c1cccc(N2Cc3ccccc3C2=O)n1,>2 rings causes RDKit C++ hang - bypassed,train
CHEMBL3890544,CC[C@@H](C)n1cnnc1-c1cccc(N2Cc3ccccc3C2=O)n1,>2 rings causes RDKit C++ hang - bypassed,train
CHEMBL3952214,CC(C)n1cnnc1-c1cccc(N2Cc3ccccc3C2=O)n1,>2 rings causes RDKit C++ hang - bypassed,train
CHEMBL5821268,Cc1cnc(C(=O)Nc2cccc(-n3nnnc3C(C)C)n2)cc1-c1cn(C(C)C)cn1,>2 rings causes RDKit C++ hang - bypassed,train
CHEMBL5806381,CC(C)n1nnnc1-c1cccc(NC(=O)c2cc3c(cn2)CCN(C(=O)C2CCCC2)C3)n1,>2 rings causes RDKit C++ hang - bypassed,train
CHEMBL5824876,C[C@H](CO)n1nnnc1-c1cccc(NC(=O)c2cc3c(cn2)CCN(C(=O)C2CCCC2)C3)n1,>2 rings causes RDKit C++ hang - bypassed,train
CHEMBL6036471,O=C(c1ccc2c(c1)CN(c1cccc(-c3nncn3C3CC3)n1)C2=O)N1CCCCC1,>2 rings causes RDKit C++ hang - bypassed,train
CHEMBL5922450,O=C(c1ccc2c(c1)CN(c1cccc(-c3nncn3C3CC3)n1)C2=O)N1CCC(O)CC1,>2 rings causes RDKit C++ hang - bypassed,train
CHEMBL5869695,CC1(O)CCN(C(=O)c2ccc3c(c2)CN(c2cccc(-c4nncn4C4CC4)n2)C3=O)CC1,>2 rings causes RDKit C++ hang - bypassed,train
CHEMBL5892002,COC1CCN(C(=O)c2ccc3c(c2)CN(c2cccc(-c4nncn4C4CC4)n2)C3=O)CC1,>2 rings causes RDKit C++ hang - bypassed,train
CHEMBL5937679,CN(C)C1CCN(C(=O)c2ccc3c(c2)CN(c2cccc(-c4nncn4C4CC4)n2)C3=O)CC1,>2 rings causes RDKit C++ hang - bypassed,train
CHEMBL5910444,CC(=O)NC1CCN(C(=O)c2ccc3c(c2)CN(c2cccc(-c4nncn4C4CC4)n2)C3=O)CC1,>2 rings causes RDKit C++ hang - bypassed,train
CHEMBL5833258,COC(=O)C1CCN(C(=O)c2ccc3c(c2)CN(c2cccc(-c4nncn4C4CC4)n2)C3=O)CC1,>2 rings causes RDKit C++ hang - bypassed,train
CHEMBL5835470,CSC1CCN(C(=O)c2ccc3c(c2)CN(c2cccc(-c4nncn4C4CC4)n2)C3=O)CC1,>2 rings causes RDKit C++ hang - bypassed,train
CHEMBL6008706,O=C(c1cc2c(cc1Cl)C(=O)N(c1cccc(-c3nncn3C3CC3)n1)C2)N1CCCCC1,>2 rings causes RDKit C++ hang - bypassed,train
CHEMBL5868427,Cc1cc(F)c(C(=O)Nc2cccc(-n3nnnc3C(C)C)n2)cc1-c1cnn(C2CC2)c1,>2 rings causes RDKit C++ hang - bypassed,train
CHEMBL5825451,COc1cc(C)c(-c2cnn(C3CC3)c2)cc1C(=O)Nc1cccc(-n2nnnc2C(C)C)n1,>2 rings causes RDKit C++ hang - bypassed,train
CHEMBL3683267,O=C(Nc1csc(-c2nncn2C2CC2)n1)c1cc(-n2cnc(C3CC3)c2)c(N2CCCC2)cn1,>2 rings causes RDKit C++ hang - bypassed,train
CHEMBL3683268,O=C(Nc1csc(-c2nncn2C2CC2)n1)c1cc(-n2cnc(C3CC3)c2)c(N2CCC(O)C2)cn1,>2 rings causes RDKit C++ hang - bypassed,train
CHEMBL3895494,COC1CCN(c2cnc(C(=O)Nc3csc(-c4nncn4C4CC4)n3)cc2-n2cnc(C3CC3)c2)C1,>2 rings causes RDKit C++ hang - bypassed,train
CHEMBL3683260,CC1(O)CN(c2cnc(C(=O)Nc3csc(-c4nncn4C4CC4)n3)cc2-n2cnc(C3CC3)c2)C1,>2 rings causes RDKit C++ hang - bypassed,train
CHEMBL3683264,O=C(Nc1csc(-c2nncn2C2CC2)n1)c1cc(-n2cnc(C3CC3)c2)c(N2CCC2)cn1,>2 rings causes RDKit C++ hang - bypassed,train
CHEMBL3908126,O=C(Nc1csc(-c2nncn2C2CC2)n1)c1cc(-n2cnc(C3CC3)c2)c(N2CC(C(F)F)C2)cn1,>2 rings causes RDKit C++ hang - bypassed,train
CHEMBL3975211,N#CC1CN(c2cnc(C(=O)Nc3csc(-c4nncn4C4CC4)n3)cc2-n2cnc(C3CC3)c2)C1,>2 rings causes RDKit C++ hang - bypassed,train
CHEMBL3935565,CC1(C#N)CN(c2cnc(C(=O)Nc3csc(-c4nncn4C4CC4)n3)cc2-n2cnc(C3CC3)c2)C1,>2 rings causes RDKit C++ hang - bypassed,train
CHEMBL3905950,COC1(C)CN(c2cnc(C(=O)Nc3csc(-c4nncn4C4CC4)n3)cc2-n2cnc(C3CC3)c2)C1,>2 rings causes RDKit C++ hang - bypassed,train
CHEMBL3957940,O=C(Nc1csc(-c2nncn2C2CC2)n1)c1cc(-n2cnc(C3CC3)c2)c(N2CC(F)(F)C2)cn1,>2 rings causes RDKit C++ hang - bypassed,train
CHEMBL5817556,CC(C)n1nnnc1-c1cccc(NC(=O)c2cc3c(cn2)CCN(S(=O)(=O)C2CC2)C3)n1,>2 rings causes RDKit C++ hang - bypassed,train
CHEMBL5957168,C[C@H](CO)n1nnnc1-c1cccc(NC(=O)c2cc3c(cn2)CCN(S(=O)(=O)C2CC2)C3)n1,>2 rings causes RDKit C++ hang - bypassed,train
CHEMBL4647622,CC(C)n1cnnc1-c1cccc(NC(=O)c2ccn(C)n2)n1,>2 rings causes RDKit C++ hang - bypassed,train
CHEMBL5560504,CC(C)n1cnnc1-c1cccc(-n2cnc3ccc(-n4cnc(C5CC5)c4)cc3c2=O)n1,>2 rings causes RDKit C++ hang - bypassed,train
CHEMBL5825854,Cc1cc2ncn(-c3cccc(-c4nncn4C(C)C)n3)c(=O)c2cc1-n1cnc(C2CC2)c1,>2 rings causes RDKit C++ hang - bypassed,train
CHEMBL5972794,Cc1cc2ncn(-c3cccc(-c4nnc(C)n4C)n3)c(=O)c2cc1-n1cnc(C2CC2)c1,>2 rings causes RDKit C++ hang - bypassed,train
CHEMBL5790739,Cc1cc2ncn(-c3cccc(-c4nnc(C)n4C(C)C)n3)c(=O)c2cc1-n1cnc(C2CC2)c1,>2 rings causes RDKit C++ hang - bypassed,train
CHEMBL5838350,Cc1cc2ncn(-c3cccc(-c4nncn4CC(F)(F)F)n3)c(=O)c2cc1-n1cnc(C2CC2)c1,>2 rings causes RDKit C++ hang - bypassed,train
CHEMBL5777035,CC(C)n1cnnc1-c1cccc(-n2cnc3cc(Cl)c(-n4cnc(C5CC5)c4)cc3c2=O)n1,>2 rings causes RDKit C++ hang - bypassed,train
CHEMBL6012417,CCc1cc2ncn(-c3cccc(-c4nncn4C(C)C)n3)c(=O)c2cc1-n1cnc(C2CC2)c1,>2 rings causes RDKit C++ hang - bypassed,train
CHEMBL5827251,COc1cc2ncn(-c3cccc(-c4nncn4C(C)C)n3)c(=O)c2cc1-n1cnc(C2CC2)c1,>2 rings causes RDKit C++ hang - bypassed,train
CHEMBL5805158,COCCOc1cc2ncn(-c3cccc(-c4nncn4C(C)C)n3)c(=O)c2cc1-n1cnc(C2CC2)c1,>2 rings causes RDKit C++ hang - bypassed,train
CHEMBL6014005,CC(C)c1cc2ncn(-c3cccc(-c4nncn4C(C)C)n3)c(=O)c2cc1-n1cnc(C2CC2)c1,>2 rings causes RDKit C++ hang - bypassed,train
CHEMBL5932034,CC(C)n1cnnc1-c1cccc(-n2cnc3cc(OCC(N)=O)c(-n4cnc(C5CC5)c4)cc3c2=O)n1,>2 rings causes RDKit C++ hang - bypassed,train
CHEMBL6017220,CC(C)n1cnnc1-c1cccc(-n2cnc3cc(O)c(-n4cnc(C5CC5)c4)cc3c2=O)n1,>2 rings causes RDKit C++ hang - bypassed,train
CHEMBL5892359,CNC(=O)COc1cc2ncn(-c3cccc(-c4nncn4C(C)C)n3)c(=O)c2cc1-n1cnc(C2CC2)c1,>2 rings causes RDKit C++ hang - bypassed,train
CHEMBL6031711,CC(C)n1cnnc1-c1cccc(-n2cnc3cc(OCCCS(C)(=O)=O)c(-n4cnc(C5CC5)c4)cc3c2=O)n1,>2 rings causes RDKit C++ hang - bypassed,train
CHEMBL5772549,CC(C)n1cnnc1-c1cccc(-n2cnc3cc(OCCO)c(-n4cnc(C5CC5)c4)cc3c2=O)n1,>2 rings causes RDKit C++ hang - bypassed,train
CHEMBL5854181,CCC(CC)n1cnnc1-c1cccc(-n2cnc3cc(C)c(-n4cnc(C5CC5)c4)cc3c2=O)n1,>2 rings causes RDKit C++ hang - bypassed,train
CHEMBL5904285,Cc1cc2ncn(-c3cccc(-c4nncn4C(C)(C)C)n3)c(=O)c2cc1-n1cnc(C2CC2)c1,>2 rings causes RDKit C++ hang - bypassed,train
CHEMBL5958780,CC(C)n1cnnc1-c1cccc(-n2cnc3cc(OCCCF)c(-n4cnc(C5CC5)c4)cc3c2=O)n1,>2 rings causes RDKit C++ hang - bypassed,train
CHEMBL5942325,CC(C)n1cnnc1-c1cccc(-n2cnc3cc(N(C)C)c(-n4cnc(C5CC5)c4)cc3c2=O)n1,>2 rings causes RDKit C++ hang - bypassed,train
CHEMBL5762686,Cc1cc2ncn(-c3cccc(-c4nncn4C(C)CO)n3)c(=O)c2cc1-n1cnc(C2CC2)c1,>2 rings causes RDKit C++ hang - bypassed,train
CHEMBL5787862,O=C1c2cc(-c3cccnc3)c(OC3CCCC3)cc2CN1c1cccc(-c2nncn2C2CC2)n1,>2 rings causes RDKit C++ hang - bypassed,train
CHEMBL6046804,CC(C)n1cnnc1-c1cccc(NC(=O)c2cc(NC(=O)c3ccccn3)ccc2F)n1,>2 rings causes RDKit C++ hang - bypassed,train
CHEMBL5953734,CC(C)n1cnnc1-c1cccc(NC(=O)c2cc(NC(=O)c3ccc(Br)cn3)ccc2F)n1,>2 rings causes RDKit C++ hang - bypassed,train
CHEMBL5915049,CC(C)n1cnnc1-c1cccc(NC(=O)c2cc(NC(=O)c3cc(CN)ccn3)ccc2F)n1,>2 rings causes RDKit C++ hang - bypassed,train
CHEMBL5856178,Cc1cnc(C(=O)Nc2cccc(-c3nnnn3C(C)C)n2)cc1-c1cc(C2CC2)on1,>2 rings causes RDKit C++ hang - bypassed,train
CHEMBL5560758,C=C(C)[C@@H]1CC[C@]2(C(=O)N(CCOCCOn3nnc4ccccc43)C(=O)OC(C)(C)C)CC[C@]3(C)[C@H](C[C@H]4OC(=O)C[C@@H](O)[C@]5(C)[C@@H]4[C@@]3(C)CC[C@H]5C(=C)C)[C@@H]12,>2 rings causes RDKit C++ hang - bypassed,train
CHEMBL2205633,CC(C)(C)c1ccc(C(=O)Nc2cn3cc(-c4cccnc4)ccc3n2)cc1,>2 rings causes RDKit C++ hang - bypassed,train
CHEMBL5758542,C[C@H](CO)n1nnnc1-c1cccc(NC(=O)c2cc3c(cn2)CCN(C(=O)N2CCOCC2)C3)n1,>2 rings causes RDKit C++ hang - bypassed,train
CHEMBL5839506,C[C@H](CO)n1nnnc1-c1cccc(NC(=O)c2cc3c(cn2)CCN(S(=O)(=O)c2ccccc2)C3)n1,>2 rings causes RDKit C++ hang - bypassed,train
CHEMBL5947207,Cc1cc2c(F)cn(-c3cccc(-c4nnc5n4CCCC5)n3)c(=O)c2cc1-n1cnc(C2CC2)c1,>2 rings causes RDKit C++ hang - bypassed,train
CHEMBL3916717,Cc1cc(F)c(C(=O)Nc2cccc(-c3nncn3C(C)C)n2)cc1-n1cnc(C2CC2)c1,>2 rings causes RDKit C++ hang - bypassed,train
CHEMBL4855907,Cc1cc(F)c(C(=O)Nc2cccc(-c3nncn3[C@@H](C)C(F)(F)F)n2)cc1-n1cnc(C2CC2)c1,>2 rings causes RDKit C++ hang - bypassed,train
CHEMBL5559017,[2H]c1c(C(=O)Nc2cccc(-c3nncn3C(C)C)n2)c(F)cc(C)c1-n1cnc(C2CC2)c1,>2 rings causes RDKit C++ hang - bypassed,train
CHEMBL5562336,[2H]C([2H])([2H])C(n1cnnc1-c1cccc(NC(=O)c2cc(-n3cnc(C4CC4)c3)c(C)cc2F)n1)C([2H])([2H])[2H],>2 rings causes RDKit C++ hang - bypassed,train
CHEMBL5565908,[2H]C([2H])([2H])C([2H])(n1cnnc1-c1cccc(NC(=O)c2cc(-n3cnc(C4CC4)c3)c(C)cc2F)n1)C([2H])([2H])[2H],>2 rings causes RDKit C++ hang - bypassed,train
CHEMBL5560145,CC(C)n1cnnc1-c1cccc(NC(=O)c2cccc(-n3cnc(C4CC4)c3)c2)n1,>2 rings causes RDKit C++ hang - bypassed,train
CHEMBL5562442,Cc1ccc(C(=O)Nc2cccc(-c3nncn3C(C)C)n2)cc1-n1cnc(C2CC2)c1,>2 rings causes RDKit C++ hang - bypassed,train
CHEMBL5833803,C[C@H](CO)n1nnnc1-c1cccc(NC(=O)c2cc3c(cn2)CCN(C(=O)c2cn(C4CC4)cn2)C3)n1,>2 rings causes RDKit C++ hang - bypassed,train
CHEMBL5556784,CC(C)n1cnnc1-c1nc(NC(=O)c2cc3c(cc2F)C(=O)NCc2nc(C4CC4)cn2-3)cs1,>2 rings causes RDKit C++ hang - bypassed,train
CHEMBL5791047,CC(C)n1cnnc1-c1cccc(-n2cnc3cc(OCC4COC4)c(-n4cnc(C5CC5)c4)cc3c2=O)n1,>2 rings causes RDKit C++ hang - bypassed,train
CHEMBL6011354,C[C@H](CO)n1nnnc1-c1cccc(NC(=O)c2cc3c(cn2)CCN(C(=O)N2CCC2)C3)n1,>2 rings causes RDKit C++ hang - bypassed,train
CHEMBL5843248,Cc1cnc(C(=O)Nc2cccc(-c3nnnn3C(C)C)n2)cc1-c1ccccn1,>2 rings causes RDKit C++ hang - bypassed,train
CHEMBL5424839,Cn1nc(C(F)(F)F)c2cc(C(=O)Nc3cccc(-c4nncn4C4CCCC4)c3)c(=O)[nH]c21,>2 rings causes RDKit C++ hang - bypassed,train
CHEMBL5565597,Cc1cc(F)c(C(=O)Nc2cccc3c2OC[C@@H](C2CC2)n2cnnc2-3)cc1-n1cnc(C2CC2)c1,>2 rings causes RDKit C++ hang - bypassed,train
CHEMBL4795965,CC(C)n1cnnc1-c1cccc(NC(=O)Nc2ccc3ccccc3n2)n1,>2 rings causes RDKit C++ hang - bypassed,train
CHEMBL4785979,CC(C)n1cnnc1-c1cccc(NC(=O)N(C)c2ccc3ccccc3n2)n1,>2 rings causes RDKit C++ hang - bypassed,train
CHEMBL4753203,C[C@H](CO)n1cnnc1-c1cccc(NC(=O)Nc2ccc3ccccc3n2)n1,>2 rings causes RDKit C++ hang - bypassed,train
CHEMBL4647065,COc1nn(CC2CC2)cc1C(=O)Nc1cccc(-c2nncn2C(C)C)n1,>2 rings causes RDKit C++ hang - bypassed,train
CHEMBL4871543,COc1nn(CC2CC2)cc1C(=O)Nc1cccc(-c2nncn2[C@@H](C)C(F)(F)F)n1,>2 rings causes RDKit C++ hang - bypassed,train
CHEMBL3683263,C[C@H](n1cnnc1-c1nc(NC(=O)c2cc(-n3cnc(C4CC4)c3)c(N(C)C)cn2)cs1)C(F)(F)F,>2 rings causes RDKit C++ hang - bypassed,train
CHEMBL5986475,CC(n1cnnc1-c1nc(NC(=O)c2cc(-n3cnc(C4CC4)c3)c(N(C)C)cn2)cs1)C(F)(F)F,>2 rings causes RDKit C++ hang - bypassed,train
CHEMBL4851372,CC(C)n1cnnc1-c1ccc2[nH]nc(-c3cccc(NC(=O)c4ccc(C(F)(F)F)cc4)c3)c2c1,>2 rings causes RDKit C++ hang - bypassed,train
CHEMBL6040091,CN1CCC(c2ccc3c(c2)OCCCCn2cnnc2-c2cccc(n2)NC3=O)CC1,Bridgehead atoms cause C++ RDKit hang,train
CHEMBL5821716,CN1CCC(c2cc3c(cc2F)C(=O)Nc2cccc(n2)-c2nncn2CCCCO3)CC1,Bridgehead atoms cause C++ RDKit hang,train
CHEMBL5962177,CC(C)n1cnnc1-c1cccc(NC(=O)c2cc3c(cn2)CCN(C(=O)c2ccc(F)cc2)C3)n1,>2 rings causes RDKit C++ hang - bypassed,train
CHEMBL5559902,C=C(C)[C@@H]1CC[C@]2(C(=O)O)CC[C@]3(C)[C@H](C[C@@H](O)[C@@H]4[C@@](C)([C@H](O)CC(=O)O)[C@H](C(=C)C)CC[C@]43C)[C@@H]12,>2 rings causes RDKit C++ hang - bypassed,train
CHEMBL4870142,CC(C)n1cnnc1-c1cccc(NC(=O)c2cc3c(-c4cnn(C)c4)cccc3[nH]2)n1,>2 rings causes RDKit C++ hang - bypassed,train
CHEMBL5745536,O=C1c2ccccc2CN1c1cccc(-c2nnc3n2CCC3)n1,>2 rings causes RDKit C++ hang - bypassed,train
CHEMBL5817505,CC1CCc2nnc(-c3cccc(N4Cc5ccccc5C4=O)n3)n21,>2 rings causes RDKit C++ hang - bypassed,train
CHEMBL5885014,C[C@H]1CCc2nnc(-c3cccc(N4Cc5ccccc5C4=O)n3)n21,>2 rings causes RDKit C++ hang - bypassed,train
CHEMBL5778817,O=C1c2ccccc2CN1c1cccc(-c2nnc3n2[C@H](CO)CC3)n1,>2 rings causes RDKit C++ hang - bypassed,train
CHEMBL5773356,C[C@@H]1CCc2nnc(-c3cccc(N4Cc5ccccc5C4=O)n3)n21,>2 rings causes RDKit C++ hang - bypassed,train
CHEMBL6034002,Cc1cnc(C(=O)Nc2cccc(-c3nnnn3C(C)C)n2)cc1-c1cnc(C2CC2)s1,>2 rings causes RDKit C++ hang - bypassed,train
CHEMBL5935075,Cc1cnc(C(=O)Nc2cccc(-c3nnnn3[C@H](C)CO)n2)cc1-c1cnc(C2CC2)s1,>2 rings causes RDKit C++ hang - bypassed,train
CHEMBL3899813,C[C@H](n1cnnc1-c1nc(NC(=O)c2cc(-n3cnc(C4CC4)c3)c(N3CC4CN(C)CC4C3)cn2)cs1)C(F)(F)F,>2 rings causes RDKit C++ hang - bypassed,train
CHEMBL5950206,C[C@H](CO)n1nnnc1-c1cccc(NC(=O)c2cc3c(cn2)CCN(c2ncccn2)C3)n1,>2 rings causes RDKit C++ hang - bypassed,train
CHEMBL5917689,CC(C)n1cnnc1-c1cccc(NC(=O)c2ccc3cc(-c4ccc(C(C)(C)C)cc4)cnc3c2)n1,>2 rings causes RDKit C++ hang - bypassed,train
CHEMBL5799280,O=C1Nc2cccc(n2)-c2nncn2CCCCOc2ccc(N3C4COCC3C4)cc21,Bridgehead atoms cause C++ RDKit hang,train
CHEMBL5782592,CC(C)n1cnnc1-c1cccc(N2Cc3ccc(-c4ccc5c(c4)C(=O)OC5=O)cc3C2=O)n1,>2 rings causes RDKit C++ hang - bypassed,train
CHEMBL4877113,C[C@H](n1cnnc1-c1cccc(NC(=O)c2cccc3nccnc23)n1)C(F)(F)F,>2 rings causes RDKit C++ hang - bypassed,train
CHEMBL5928864,CC(C)n1cnnc1-c1cccc(NC(=O)c2cc(Oc3ccncn3)ccc2F)n1,>2 rings causes RDKit C++ hang - bypassed,train
CHEMBL1642656,CC(C)(C)c1ccc(C(=O)Nc2cn3c(ccc4ccccc43)n2)cc1,>2 rings causes RDKit C++ hang - bypassed,train
CHEMBL4751918,CC(C)n1cnnc1-c1cccc(NC(=O)Nc2ncnc3ccccc23)n1,>2 rings causes RDKit C++ hang - bypassed,train
CHEMBL5970236,Cn1cc(-c2ccc3c(c2)C(=O)Nc2cccc(n2)-c2nncn2CCCCO3)nn1,Bridgehead atoms cause C++ RDKit hang,train
CHEMBL5435837,O=C(Nc1cccc(-c2nncn2C2CC2)n1)c1cc(-c2cccnc2)cn(Cc2ccccc2F)c1=O,>2 rings causes RDKit C++ hang - bypassed,train
CHEMBL5846662,CC(C)n1nnnc1-c1cccc(N2Cc3ccc(-c4cncc(C5CC5)c4)cc3C2=O)n1,>2 rings causes RDKit C++ hang - bypassed,train
CHEMBL4212924,Nc1cccc(Nc2ncc3ccccc3n2)c1,>2 rings causes RDKit C++ hang - bypassed,train
CHEMBL4213056,CC(=O)Nc1cccc(Nc2ncc3cc(Br)ccc3n2)c1,>2 rings causes RDKit C++ hang - bypassed,train
CHEMBL5857510,CC(C)n1nnnc1-c1cccc(NC(=O)c2cc3c(cc2F)CCN(S(=O)(=O)CC2CC2)C3)n1,>2 rings causes RDKit C++ hang - bypassed,train
CHEMBL5986111,Cc1cc(F)c(C(=O)Nc2cccc(-c3nnnn3C(C)C)n2)cc1C1CC1NC(=O)OC(C)(C)C,>2 rings causes RDKit C++ hang - bypassed,train
CHEMBL5838200,CC(C)c1nnnn1-c1cccc(NC(=O)c2cc3c(cc2F)CCNC3)n1,>2 rings causes RDKit C++ hang - bypassed,train
CHEMBL5972933,CC(C)c1nnnn1-c1cccc(NC(=O)c2cc3c(cc2F)CCN(C(=O)N(C)CCC(F)(F)F)C3)n1,>2 rings causes RDKit C++ hang - bypassed,train
CHEMBL5943114,CC(C)c1nnnn1-c1cccc(NC(=O)c2cc3c(cc2F)CCN(S(=O)(=O)CCC(F)(F)F)C3)n1,>2 rings causes RDKit C++ hang - bypassed,train
CHEMBL5939263,CCN(C)C(=O)N1CCc2cc(F)c(C(=O)Nc3cccc(-n4nnnc4C(C)C)n3)cc2C1,>2 rings causes RDKit C++ hang - bypassed,train
CHEMBL5850947,O=C1c2cc(-c3cnc(C4CC4)nc3)ccc2CN1c1cccc(-c2nncn2C2CC2)n1,>2 rings causes RDKit C++ hang - bypassed,train
CHEMBL4846465,CC(C)n1cnnc1-c1cccc(NC(=O)c2[nH]c3ccccc3c2-c2ccoc2)n1,>2 rings causes RDKit C++ hang - bypassed,train
CHEMBL5971237,Cc1cnc(C(=O)Nc2cccc(-n3nnnc3C(C)C)n2)cc1-n1cnc(C(F)(F)F)c1,>2 rings causes RDKit C++ hang - bypassed,train
CHEMBL5931015,Cc1cnc(C(=O)Nc2cccc(-n3nnnc3C(C)C)n2)cc1-n1cnc(C(C)(C)C)c1,>2 rings causes RDKit C++ hang - bypassed,train
CHEMBL5781819,C[C@H](CO)n1nnnc1-c1cccc(NC(=O)c2cc3c(cc2F)CCN(C(=O)N2CCCCC2)C3)n1,>2 rings causes RDKit C++ hang - bypassed,train
CHEMBL5854610,CC(C)n1nnnc1-c1nc(NC(=O)c2cc(-c3cnn(C4CC4)c3)c(N3CCN(C)CC3)cn2)cs1,>2 rings causes RDKit C++ hang - bypassed,train
CHEMBL5562218,Cc1cc(F)c(C(=O)Nc2cccc(-c3nnc4n3CCCC4)n2)cc1-n1nnc(C2CC2)n1,>2 rings causes RDKit C++ hang - bypassed,train
CHEMBL5977992,CC(C)n1nnnc1-c1cccc(NC(=O)c2cc(-c3cnn(C4CC4)c3)c(N3CCCCC3)cn2)n1,>2 rings causes RDKit C++ hang - bypassed,train
CHEMBL6064133,C[C@H](CO)n1nnnc1-c1cccc(NC(=O)c2cc3c(cn2)CCN(C(=O)N2C4CCCC2CC4)C3)n1,Bridgehead atoms cause C++ RDKit hang,train
CHEMBL5890008,C[C@H](CO)n1nnnc1-c1cccc(NC(=O)c2cc3c(cn2)CCN(C(=O)OC2CCCC2)C3)n1,>2 rings causes RDKit C++ hang - bypassed,train
CHEMBL4642504,COc1nn(-c2ccccn2)cc1C(=O)Nc1cccc(-c2nncn2C(C)C)n1,>2 rings causes RDKit C++ hang - bypassed,train
CHEMBL5997839,CN1CC=C(c2ccc3c(c2)OCCCCn2cnnc2-c2cccc(n2)NC3=O)CC1,Bridgehead atoms cause C++ RDKit hang,train
CHEMBL5829729,CN1CC=C(c2cc3c(cc2F)C(=O)Nc2cccc(n2)-c2nncn2CCCCO3)CC1,Bridgehead atoms cause C++ RDKit hang,train
CHEMBL5755713,CC(C)n1cnnc1-c1cccc(NC(=O)c2cc3c(cn2)CCN(C(=O)N2CCCC2)C3)n1,>2 rings causes RDKit C++ hang - bypassed,train
CHEMBL5868492,C[C@H](CO)n1cnnc1-c1cccc(NC(=O)c2cc3c(cn2)CCN(C(=O)N2CCCC2)C3)n1,>2 rings causes RDKit C++ hang - bypassed,train
CHEMBL5764077,Cc1cc2ncn(-c3csc(-c4nncn4C(C)C)c3)c(=O)c2cc1-n1cnc(C2CC2)c1,>2 rings causes RDKit C++ hang - bypassed,train
CHEMBL5430975,CC(C)n1cnnc1-c1cccc(NC(=O)c2cc3c(cc2F)CCCC(=O)N3)n1,>2 rings causes RDKit C++ hang - bypassed,train
CHEMBL5421028,CC(C)n1cnnc1-c1cccc(NC(=O)c2cc3c(cc2F)CCCC(=O)N3C)n1,>2 rings causes RDKit C++ hang - bypassed,train
CHEMBL5433012,CC(CO)n1cnnc1-c1cccc(NC(=O)c2cc3c(cc2F)CCCC(=O)N3C)n1,>2 rings causes RDKit C++ hang - bypassed,train
CHEMBL5774118,O=C(c1cc2c(cc1-c1cccnc1)C(=O)N(c1cccc(-c3nncn3C3CC3)n1)C2)N1CCCC1,>2 rings causes RDKit C++ hang - bypassed,train
CHEMBL4569388,Cc1cn(-c2ccc3c(c2)C(=O)Nc2cccc(n2)-c2nncn2CCCCO3)cn1,Bridgehead atoms cause C++ RDKit hang,train
CHEMBL4536051,Cc1ncn(-c2ccc3c(c2)C(=O)Nc2cccc(n2)-c2nncn2CCCCO3)c1C,Bridgehead atoms cause C++ RDKit hang,train
CHEMBL5891712,Cc1cn(-c2ccc3c(c2)C(=O)Nc2cccc(n2)-c2nncn2[C@H](C)CCCO3)cn1,Bridgehead atoms cause C++ RDKit hang,train
CHEMBL5859007,Cc1cn(-c2ccc3c(c2)C(=O)Nc2cccc(n2)-c2nncn2[C@@H](C)CCCO3)cn1,Bridgehead atoms cause C++ RDKit hang,train
CHEMBL5975616,O=C1Nc2cccc(n2)-c2nncn2CCCCOc2ccc(-n3ccnc3)cc21,Bridgehead atoms cause C++ RDKit hang,train
CHEMBL6062870,Cc1nccn1-c1ccc2c(c1)C(=O)Nc1cccc(n1)-c1nncn1CCCCO2,Bridgehead atoms cause C++ RDKit hang,train
CHEMBL5741925,Cc1cn(-c2cc3c(cc2F)OCCCCn2cnnc2-c2cccc(n2)NC3=O)cn1,Bridgehead atoms cause C++ RDKit hang,train
CHEMBL6004841,Cc1cn(-c2cc3c(cc2F)OCCC[C@H](C)n2cnnc2-c2cccc(n2)NC3=O)cn1,Bridgehead atoms cause C++ RDKit hang,train
CHEMBL5949285,Cc1cn(-c2ccc3c(c2)C(=O)Nc2cccc(n2)-c2nncn2CCC[C@H](C)O3)cn1,Bridgehead atoms cause C++ RDKit hang,train
CHEMBL5995893,Cc1cn(-c2ccc3c(c2)C(=O)Nc2cccc(n2)-c2nncn2CCC[C@@H](C)O3)cn1,Bridgehead atoms cause C++ RDKit hang,train
CHEMBL5804075,COc1cc2c(cc1C(=O)Nc1cccc(-c3nncn3C(C)C)n1)CN(C(=O)ON1CCOC1=O)CC2,>2 rings causes RDKit C++ hang - bypassed,train
CHEMBL5867727,O=C1c2cc(-n3ccnc3)ccc2CN1c1cccc(-c2nncn2C2CC2)n1,>2 rings causes RDKit C++ hang - bypassed,train
CHEMBL5419388,Cn1nc(C(F)(F)F)c2cc(C(=O)Nc3cccc(-c4nncn4C4CCCC4)n3)c(OCc3ccccc3F)nc21,>2 rings causes RDKit C++ hang - bypassed,train
CHEMBL4787238,CC(C)n1cnnc1-c1cccc(NC(=O)Nc2nn(C)c3ccccc23)n1,>2 rings causes RDKit C++ hang - bypassed,train
CHEMBL4636506,COc1nn(-c2ccncc2)cc1C(=O)Nc1cccc(-c2nncn2C(C)C)n1,>2 rings causes RDKit C++ hang - bypassed,train
CHEMBL6022726,CC(C)n1nnnc1-c1nc(NC(=O)c2cc(-c3cnn(C4CC4)c3)c(N3CCCCC3)cn2)cs1,>2 rings causes RDKit C++ hang - bypassed,train
CHEMBL5862342,CC(C)n1nnnc1-c1cccc(NC(=O)c2cc3c(cn2)CCN(S(=O)(=O)CC2CC(F)(F)C2)C3)n1,>2 rings causes RDKit C++ hang - bypassed,train
CHEMBL5415758,O=C(Nc1cccc(-c2nncn2C2CC2)n1)c1cc(-c2cnc(Cl)nc2)cn(Cc2ccccc2F)c1=O,>2 rings causes RDKit C++ hang - bypassed,train
CHEMBL4638598,COc1nn(-c2cncnc2)cc1C(=O)Nc1cccc(-c2nncn2C(C)C)n1,>2 rings causes RDKit C++ hang - bypassed,train
CHEMBL5963900,CC(C)n1cnnc1-c1cccc(-n2cnc3cc(-c4ccccc4)c(-n4cnc(C5CC5)c4)cc3c2=O)n1,>2 rings causes RDKit C++ hang - bypassed,train
CHEMBL5914202,CC(C)n1cnnc1-c1cccc(NC(=O)c2cc3c(cc2F)CCN(S(=O)(=O)CC2CC2)C3)n1,>2 rings causes RDKit C++ hang - bypassed,train
CHEMBL5967167,CC(C)n1cnnc1-c1cccc(N2Cc3ccc(-c4nccc(C(=O)O)c4F)cc3C2=O)n1,>2 rings causes RDKit C++ hang - bypassed,train
CHEMBL5985747,Cc1c(C(=O)O)ccnc1-c1ccc2c(c1)C(=O)N(c1cccc(-c3nncn3C(C)C)n1)C2,>2 rings causes RDKit C++ hang - bypassed,train
CHEMBL6028112,Cc1cc(C(=O)O)cc(-c2ccc3c(c2)C(=O)N(c2cccc(-c4nncn4C(C)C)n2)C3)n1,>2 rings causes RDKit C++ hang - bypassed,train
CHEMBL5781898,Cc1cc(C(=O)O)c(C#N)c(-c2ccc3c(c2)C(=O)N(c2cccc(-c4nncn4C(C)C)n2)C3)n1,>2 rings causes RDKit C++ hang - bypassed,train
CHEMBL5745079,C[C@H](CO)n1nnnc1-c1cccc(NC(=O)c2cc3c(cn2)CCN(Cc2ccccn2)C3)n1,>2 rings causes RDKit C++ hang - bypassed,train
CHEMBL5884981,CC(C)n1nnnc1-c1cccc(NC(=O)c2cc3c(cn2)CCN(C(=O)N(C)C2CCCC2)C3)n1,>2 rings causes RDKit C++ hang - bypassed,train
CHEMBL6061541,C[C@H](CO)n1nnnc1-c1cccc(NC(=O)c2cc3c(cn2)CCN(C(=O)NC2CCCC2)C3)n1,>2 rings causes RDKit C++ hang - bypassed,train
CHEMBL5971232,C[C@H](CO)n1nnnc1-c1cccc(NC(=O)c2cc3c(cn2)CCN(C(=O)N(C)C2CCCC2)C3)n1,>2 rings causes RDKit C++ hang - bypassed,train
CHEMBL5999211,C[C@H](CO)n1nnnc1-c1cccc(NC(=O)c2cc3c(cn2)CCN(C(=O)NC2CC2)C3)n1,>2 rings causes RDKit C++ hang - bypassed,train
CHEMBL4868746,CC(C)n1cnnc1-c1cccc(NC(=O)c2cc3cccnc3[nH]2)n1,>2 rings causes RDKit C++ hang - bypassed,train
CHEMBL4873779,C[C@H](n1cnnc1-c1cccc(NC(=O)c2cccn(C)c2=O)n1)C(F)(F)F,>2 rings causes RDKit C++ hang - bypassed,train
CHEMBL5768655,CC(C)n1cnnc1-c1cccc(N2CCNC2=O)n1,>2 rings causes RDKit C++ hang - bypassed,train
CHEMBL6009353,CCn1nccc1-c1ccc2cnc(C(=O)Nc3cccc(-c4nncn4C(C)C)n3)cc2c1,>2 rings causes RDKit C++ hang - bypassed,train
CHEMBL5780163,CC(C)n1cnnc1-c1cccc(N2Cc3ccc(-c4cccc(C(=O)O)c4)cc3C2=O)n1,>2 rings causes RDKit C++ hang - bypassed,train
CHEMBL5862012,CC(C)n1cnnc1-c1cccc(N2Cc3ccc(-c4ccc(C(=O)O)c(F)c4)cc3C2=O)n1,>2 rings causes RDKit C++ hang - bypassed,train
CHEMBL6058001,CC(C)n1cnnc1-c1cccc(N2Cc3ccc(-c4cccc(C(=O)O)c4F)cc3C2=O)n1,>2 rings causes RDKit C++ hang - bypassed,train
CHEMBL5857821,CC(C)n1cnnc1-c1cccc(N2Cc3ccc(-c4ccc(F)c(C(=O)O)c4)cc3C2=O)n1,>2 rings causes RDKit C++ hang - bypassed,train
CHEMBL6018103,CC(C)n1cnnc1-c1cccc(N2Cc3ccc(-c4cc(F)cc(C(=O)O)c4)cc3C2=O)n1,>2 rings causes RDKit C++ hang - bypassed,train
CHEMBL5787727,CC(C)n1cnnc1-c1cccc(N2Cc3ccc(-c4cc(C(=O)O)ccc4F)cc3C2=O)n1,>2 rings causes RDKit C++ hang - bypassed,train
CHEMBL5800064,COc1ccc(C(=O)O)cc1-c1ccc2c(c1)C(=O)N(c1cccc(-c3nncn3C(C)C)n1)C2,>2 rings causes RDKit C++ hang - bypassed,train
CHEMBL5787110,Cc1ccc(-c2ccc3c(c2)C(=O)N(c2cccc(-c4nncn4C(C)C)n2)C3)cc1C(=O)O,>2 rings causes RDKit C++ hang - bypassed,train
CHEMBL5768230,Cc1ccc(C(=O)O)cc1-c1ccc2c(c1)C(=O)N(c1cccc(-c3nncn3C(C)C)n1)C2,>2 rings causes RDKit C++ hang - bypassed,train
CHEMBL5795972,CC(C)n1cnnc1-c1cccc(N2Cc3ccc(-c4cc(C#N)cc(C(=O)O)c4)cc3C2=O)n1,>2 rings causes RDKit C++ hang - bypassed,train
CHEMBL5926682,CC(C)n1cnnc1-c1cccc(N2Cc3ccc(-c4cc(C(=O)O)ccc4C#N)cc3C2=O)n1,>2 rings causes RDKit C++ hang - bypassed,train
CHEMBL5906116,CC(C)n1cnnc1-c1cccc(N2Cc3ccc(-c4ccc(C(C)(C)C(=O)O)cc4)cc3C2=O)n1,>2 rings causes RDKit C++ hang - bypassed,train
CHEMBL6060824,CC(C)(C(=O)O)c1ccc(-c2ccc3c(c2)C(=O)N(c2cccc(-c4nncn4C(F)(F)F)n2)C3)cc1,>2 rings causes RDKit C++ hang - bypassed,train
CHEMBL5880765,CC(C)n1cnnc1-c1cccc(N2Cc3ccc(-c4ccc(C(=O)O)cc4)cc3C2=O)n1,>2 rings causes RDKit C++ hang - bypassed,train
CHEMBL5804059,CC(C)n1cnnc1-c1cccc(N2Cc3ccc(-c4ccccc4C(=O)O)cc3C2=O)n1,>2 rings causes RDKit C++ hang - bypassed,train
CHEMBL5818159,CC(C)n1cnnc1-c1cccc(N2Cc3ccc(-c4ccc(C(=O)O)cc4F)cc3C2=O)n1,>2 rings causes RDKit C++ hang - bypassed,train
CHEMBL6029058,CC(C)n1cnnc1-c1cccc(N2Cc3ccc(-c4ccc(C(=O)O)cc4CO)cc3C2=O)n1,>2 rings causes RDKit C++ hang - bypassed,train
CHEMBL5765172,CC(C)n1cnnc1-c1cccc(N2Cc3ccc(-c4cc(C(=O)O)ccc4CO)cc3C2=O)n1,>2 rings causes RDKit C++ hang - bypassed,train
CHEMBL6041520,CC(C)n1cnnc1-c1cccc(N2Cc3ccc(-c4ccc(Cl)c(C(=O)O)c4)cc3C2=O)n1,>2 rings causes RDKit C++ hang - bypassed,train
CHEMBL5776708,CC(C)n1cnnc1-c1cccc(N2Cc3ccc(-c4ccc(O)c(C(=O)O)c4)cc3C2=O)n1,>2 rings causes RDKit C++ hang - bypassed,train
CHEMBL5869407,CC(C)n1cnnc1-c1cccc(N2Cc3ccc(-c4ccc(Cl)cc4C(=O)O)cc3C2=O)n1,>2 rings causes RDKit C++ hang - bypassed,train
CHEMBL5769721,COc1cc(N)c(-c2ccc3c(c2)C(=O)N(c2cccc(-c4nncn4C(C)C)n2)C3)cc1C(=O)O,>2 rings causes RDKit C++ hang - bypassed,train
CHEMBL5913043,Cc1c(C(=O)O)cc(N)cc1-c1ccc2c(c1)C(=O)N(c1cccc(-c3nncn3C(C)C)n1)C2,>2 rings causes RDKit C++ hang - bypassed,train
CHEMBL5789075,CC(C)n1cnnc1-c1cccc(N2Cc3ccc(-c4ccc(C(=O)O)cc4O)cc3C2=O)n1,>2 rings causes RDKit C++ hang - bypassed,train
CHEMBL5876473,CC(C)n1cnnc1-c1cccc(N2Cc3ccc(-c4ccc(C(=O)O)c(Cl)c4)cc3C2=O)n1,>2 rings causes RDKit C++ hang - bypassed,train
CHEMBL5982673,Cc1cc(-c2ccc3c(c2)C(=O)N(c2cccc(-c4nncn4C(C)C)n2)C3)ccc1C(=O)O,>2 rings causes RDKit C++ hang - bypassed,train
CHEMBL5962517,Cc1cc(C(=O)O)ccc1-c1ccc2c(c1)C(=O)N(c1cccc(-c3nncn3C(C)C)n1)C2,>2 rings causes RDKit C++ hang - bypassed,train
CHEMBL5828436,COc1cc(-c2ccc3c(c2)C(=O)N(c2cccc(-c4nncn4C(C)C)n2)C3)ccc1C(=O)O,>2 rings causes RDKit C++ hang - bypassed,train
CHEMBL5844998,COc1cc(C(=O)O)ccc1-c1ccc2c(c1)C(=O)N(c1cccc(-c3nncn3C(C)C)n1)C2,>2 rings causes RDKit C++ hang - bypassed,train
CHEMBL6057773,CC(C)n1cnnc1-c1cccc(N2Cc3ccc(-c4ccc(C(=O)O)c(S(C)(=O)=O)c4)cc3C2=O)n1,>2 rings causes RDKit C++ hang - bypassed,train
CHEMBL6049786,CC(C)n1cnnc1-c1cccc(N2Cc3ccc(-c4cc(F)c(C(=O)O)c(F)c4)cc3C2=O)n1,>2 rings causes RDKit C++ hang - bypassed,train
CHEMBL5908319,Cc1cc(F)c(C(=O)O)cc1-c1ccc2c(c1)C(=O)N(c1cccc(-c3nncn3C(C)C)n1)C2,>2 rings causes RDKit C++ hang - bypassed,train
CHEMBL5792360,COc1c(C)cc(-c2ccc3c(c2)C(=O)N(c2cccc(-c4nncn4C(C)C)n2)C3)cc1C(=O)O,>2 rings causes RDKit C++ hang - bypassed,train
CHEMBL5786562,COC(=O)c1ccc(-c2ccc3c(c2)C(=O)N(c2cccc(-c4nncn4C(C)C)n2)C3)cc1,>2 rings causes RDKit C++ hang - bypassed,train
CHEMBL5821933,CC(C)n1cnnc1-c1cccc(N2Cc3ccc(-c4ccc(C(=O)O)c(CO)c4)cc3C2=O)n1,>2 rings causes RDKit C++ hang - bypassed,train
CHEMBL5868776,CC(C)n1cnnc1-c1cccc(N2Cc3ccc(-c4ccc(CC(=O)O)cc4)cc3C2=O)n1,>2 rings causes RDKit C++ hang - bypassed,train
CHEMBL5895853,CC(C(=O)O)c1ccc(-c2ccc3c(c2)C(=O)N(c2cccc(-c4nncn4C(C)C)n2)C3)cc1,>2 rings causes RDKit C++ hang - bypassed,train
CHEMBL6010208,COC(=O)C(C)(C)c1ccc(-c2ccc3c(c2)C(=O)N(c2cccc(-c4nncn4C(C)C)n2)C3)cc1,>2 rings causes RDKit C++ hang - bypassed,train
CHEMBL5794733,CC(C)n1cnnc1-c1cccc(N2Cc3ccc(-c4ccc(OCC(=O)O)cc4)cc3C2=O)n1,>2 rings causes RDKit C++ hang - bypassed,train
CHEMBL5804541,CC(C)n1cnnc1-c1cccc(N2Cc3ccc(-c4ccc(CCC(=O)O)cc4)cc3C2=O)n1,>2 rings causes RDKit C++ hang - bypassed,train
CHEMBL5801023,Cc1c(C(=O)O)cccc1-c1ccc2c(c1)C(=O)N(c1cccc(-c3nncn3C(C)C)n1)C2,>2 rings causes RDKit C++ hang - bypassed,train
CHEMBL6019733,CC(C)n1cnnc1-c1cccc(N2Cc3ccc(-c4cccc(C(=O)O)c4O)cc3C2=O)n1,>2 rings causes RDKit C++ hang - bypassed,train
CHEMBL5758560,COc1ccc(-c2ccc3c(c2)C(=O)N(c2cccc(-c4nncn4C(C)C)n2)C3)cc1C(=O)O,>2 rings causes RDKit C++ hang - bypassed,train
CHEMBL5939633,CC(C)n1cnnc1-c1cccc(N2Cc3ccc(-c4cc(F)cc(C(=O)O)c4F)cc3C2=O)n1,>2 rings causes RDKit C++ hang - bypassed,train
CHEMBL5787566,Cc1c(F)cc(C(=O)O)cc1-c1ccc2c(c1)C(=O)N(c1cccc(-c3nncn3C(C)C)n1)C2,>2 rings causes RDKit C++ hang - bypassed,train
CHEMBL5972288,COC(=O)c1cccc(-c2ccc3c(c2)C(=O)N(c2cccc(-c4nncn4C(C)C)n2)C3)c1C,>2 rings causes RDKit C++ hang - bypassed,train
CHEMBL5790871,COC(=O)c1ccc(F)c(-c2ccc3c(c2)C(=O)N(c2cccc(-c4nncn4C(C)C)n2)C3)c1,>2 rings causes RDKit C++ hang - bypassed,train
CHEMBL5946199,CC(C)n1cnnc1-c1cccc(N2Cc3ccc(-c4cccc(C(C)(C)C(=O)O)c4)cc3C2=O)n1,>2 rings causes RDKit C++ hang - bypassed,train
CHEMBL5909721,CC(C)n1cnnc1-c1cccc(N2Cc3ccc(-c4cccc(CCC(=O)O)c4)cc3C2=O)n1,>2 rings causes RDKit C++ hang - bypassed,train
CHEMBL5932507,CC(C)n1cnnc1-c1cccc(N2Cc3ccc(-c4cccc(OCC(=O)O)c4)cc3C2=O)n1,>2 rings causes RDKit C++ hang - bypassed,train
CHEMBL3978053,O=C(Nc1csc(-c2nncn2C2CC2)n1)c1cc(-n2cnc(C3CC3)c2)c(N2CCN(CC3CC3)CC2)cn1,>2 rings causes RDKit C++ hang - bypassed,train
CHEMBL5850556,Cc1cnc(C(=O)Nc2cccc(-c3nnnn3C(C)C)n2)cc1-c1cn(C(C)C)cn1,>2 rings causes RDKit C++ hang - bypassed,train
CHEMBL5875502,Cc1cnc(C(=O)Nc2cccc(-c3nnnn3[C@H](C)CO)n2)cc1-c1cn(C(C)C)cn1,>2 rings causes RDKit C++ hang - bypassed,train
CHEMBL4846492,CC(C)n1cnnc1-c1ccc2[nH]nc(-c3cccc(-n4cnc(C5CC5)n4)c3)c2c1,>2 rings causes RDKit C++ hang - bypassed,train
CHEMBL3683259,O=C(Nc1csc(-c2nncn2C2CC2)n1)c1cc(-n2cnc(C3CC3)c2)c(N2CCOCC2)cn1,>2 rings causes RDKit C++ hang - bypassed,train
CHEMBL5810605,CC(C)n1cnnc1-c1cccc(NC(=O)c2cc3c(cc2F)CCN(S(=O)(=O)C2CC2)C3)n1,>2 rings causes RDKit C++ hang - bypassed,train
CHEMBL6039486,COc1cc2c(cc1C(=O)Nc1cccc(-c3nncn3C(C)C)n1)CN(S(=O)(=O)C1CC1)CC2,>2 rings causes RDKit C++ hang - bypassed,train
CHEMBL5974203,C[C@H](CO)n1cnnc1-c1cccc(NC(=O)c2cc3c(cc2F)CCN(S(=O)(=O)C2CC2)C3)n1,>2 rings causes RDKit C++ hang - bypassed,train
CHEMBL5771942,COc1cc2c(cc1C(=O)Nc1cccc(-c3nncn3[C@H](C)CO)n1)CN(S(=O)(=O)C1CC1)CC2,>2 rings causes RDKit C++ hang - bypassed,train
CHEMBL4561768,O=C1Nc2cccc(n2)-c2nncn2CCCCOc2ccccc21,Bridgehead atoms cause C++ RDKit hang,train
CHEMBL4514925,C[C@H]1CCCOc2ccccc2C(=O)Nc2cccc(n2)-c2nncn21,Bridgehead atoms cause C++ RDKit hang,train
CHEMBL4537756,C[C@@H]1CCCOc2ccccc2C(=O)Nc2cccc(n2)-c2nncn21,Bridgehead atoms cause C++ RDKit hang,train
CHEMBL4462230,C[C@@H]1CCOc2ccccc2C(=O)Nc2cccc(n2)-c2nncn2C1,Bridgehead atoms cause C++ RDKit hang,train
CHEMBL4442116,C[C@@H]1CCn2cnnc2-c2cccc(n2)NC(=O)c2ccccc2OC1,Bridgehead atoms cause C++ RDKit hang,train
CHEMBL4565615,C[C@H]1CCCn2cnnc2-c2cccc(n2)NC(=O)c2ccccc2O1,Bridgehead atoms cause C++ RDKit hang,train
CHEMBL4469413,O=C1Nc2cccc(n2)-c2nncn2CCCCOc2ccc(F)cc21,Bridgehead atoms cause C++ RDKit hang,train
CHEMBL4590290,O=C1Nc2cccc(n2)-c2nncn2CCCCOc2cc(F)ccc21,Bridgehead atoms cause C++ RDKit hang,train
CHEMBL4562269,C[C@H]1CCCOc2cc(F)ccc2C(=O)Nc2cccc(n2)-c2nncn21,Bridgehead atoms cause C++ RDKit hang,train
CHEMBL4542440,C[C@@H]1CCOc2cc(F)ccc2C(=O)Nc2cccc(n2)-c2nncn2C1,Bridgehead atoms cause C++ RDKit hang,train
CHEMBL4590759,O=C1Nc2cccc(n2)-c2nncn2CCCCOc2ccc(Br)cc21,Bridgehead atoms cause C++ RDKit hang,train
CHEMBL4473364,CS(=O)(=O)c1ccc2c(c1)C(=O)Nc1cccc(n1)-c1nncn1CCCCO2,Bridgehead atoms cause C++ RDKit hang,train
CHEMBL4455414,Cc1ccc2c(c1)C(=O)Nc1cccc(n1)-c1nncn1CCCCO2,Bridgehead atoms cause C++ RDKit hang,train
CHEMBL5979870,C=Cc1ccc2c(c1)C(=O)Nc1cccc(n1)-c1nncn1CCCCO2,Bridgehead atoms cause C++ RDKit hang,train
CHEMBL6047450,N#Cc1ccc2c(c1)C(=O)Nc1cccc(n1)-c1nncn1CCCCO2,Bridgehead atoms cause C++ RDKit hang,train
CHEMBL5953129,O=C1Nc2cccc(n2)-c2nncn2CCCCOc2cc(C(F)(F)F)ccc21,Bridgehead atoms cause C++ RDKit hang,train
CHEMBL6039659,C[C@H]1CCn2cnnc2-c2cccc(n2)NC(=O)c2ccccc2OC1,Bridgehead atoms cause C++ RDKit hang,train
CHEMBL5766005,C[C@@H]1CCCOc2cc(F)ccc2C(=O)Nc2cccc(n2)-c2nncn21,Bridgehead atoms cause C++ RDKit hang,train
CHEMBL5999938,NCc1ccc2c(c1)C(=O)Nc1cccc(n1)-c1nncn1CCCCO2,Bridgehead atoms cause C++ RDKit hang,train
CHEMBL6004798,CN(C)Cc1ccc2c(c1)C(=O)Nc1cccc(n1)-c1nncn1CCCCO2,Bridgehead atoms cause C++ RDKit hang,train
CHEMBL5768869,CC(C)(O)c1ccc2c(c1)C(=O)Nc1cccc(n1)-c1nncn1CCCCO2,Bridgehead atoms cause C++ RDKit hang,train
CHEMBL5968738,COC(C)(C)c1ccc2c(c1)C(=O)Nc1cccc(n1)-c1nncn1CCCCO2,Bridgehead atoms cause C++ RDKit hang,train
CHEMBL5850811,O=C1Nc2cccc(n2)-c2nncn2CCCCOc2cc(F)c(Br)cc21,Bridgehead atoms cause C++ RDKit hang,train
CHEMBL5831889,N#Cc1cc2c(cc1F)OCCCCn1cnnc1-c1cccc(n1)NC2=O,Bridgehead atoms cause C++ RDKit hang,train
CHEMBL5852640,COCCOc1cc2c(cc1F)OCCCCn1cnnc1-c1cccc(n1)NC2=O,Bridgehead atoms cause C++ RDKit hang,train
CHEMBL5903071,CN(C)CCOc1cc2c(cc1F)OCCCCn1cnnc1-c1cccc(n1)NC2=O,Bridgehead atoms cause C++ RDKit hang,train
CHEMBL5985380,COCCNc1cc2c(cc1F)C(=O)Nc1cccc(n1)-c1nncn1CCCCO2,Bridgehead atoms cause C++ RDKit hang,train
CHEMBL5948409,C[C@H]1CCCOc2ccc(F)cc2C(=O)Nc2cccc(n2)-c2nncn21,Bridgehead atoms cause C++ RDKit hang,train
CHEMBL5778364,C[C@H]1CCCOc2cc(F)c(Br)cc2C(=O)Nc2cccc(n2)-c2nncn21,Bridgehead atoms cause C++ RDKit hang,train
CHEMBL6012293,C[C@H]1CCCOc2cc(F)c(OCCN(C)C)cc2C(=O)Nc2cccc(n2)-c2nncn21,Bridgehead atoms cause C++ RDKit hang,train
CHEMBL6049807,COCCOc1cc2c(cc1F)OCCC[C@H](C)n1cnnc1-c1cccc(n1)NC2=O,Bridgehead atoms cause C++ RDKit hang,train
CHEMBL5999568,C[C@H]1CCCOc2cc(F)c(C#N)cc2C(=O)Nc2cccc(n2)-c2nncn21,Bridgehead atoms cause C++ RDKit hang,train
CHEMBL5940644,C[C@H]1CCCOc2cc(S(C)(=O)=O)c(Br)cc2C(=O)Nc2cccc(n2)-c2nncn21,Bridgehead atoms cause C++ RDKit hang,train
CHEMBL5764177,C[C@@H]1CCCOc2cc(Br)ccc2C(=O)Nc2cccc(n2)-c2nncn21,Bridgehead atoms cause C++ RDKit hang,train
CHEMBL5843065,C[C@H]1CCOc2cc(F)c(Br)cc2C(=O)Nc2cccc(n2)-c2nncn2C1,Bridgehead atoms cause C++ RDKit hang,train
CHEMBL6010354,COCCOc1cc2c(cc1F)OCC[C@H](C)Cn1cnnc1-c1cccc(n1)NC2=O,Bridgehead atoms cause C++ RDKit hang,train
CHEMBL5943147,C[C@H]1CCCn2cnnc2-c2cccc(n2)NC(=O)c2cc(Br)ccc2O1,Bridgehead atoms cause C++ RDKit hang,train
CHEMBL5969980,C[C@@H]1CCCn2cnnc2-c2cccc(n2)NC(=O)c2cc(Br)ccc2O1,Bridgehead atoms cause C++ RDKit hang,train
CHEMBL5859442,C[C@@H]1CCCn2cnnc2-c2cccc(n2)NC(=O)c2cc(C#N)ccc2O1,Bridgehead atoms cause C++ RDKit hang,train
CHEMBL5753126,C[C@@H]1CCCOc2ccc(F)cc2C(=O)Nc2cccc(n2)-c2nncn21,Bridgehead atoms cause C++ RDKit hang,train
CHEMBL5746838,C[C@@H]1CCOc2cc(F)c(Br)cc2C(=O)Nc2cccc(n2)-c2nncn2C1,Bridgehead atoms cause C++ RDKit hang,train
CHEMBL5764157,C[C@@H]1CCCn2cnnc2-c2cccc(n2)NC(=O)c2ccccc2O1,Bridgehead atoms cause C++ RDKit hang,train
CHEMBL5985548,C[C@H]1CCCn2cnnc2-c2cccc(n2)NC(=O)c2cc(C#N)ccc2O1,Bridgehead atoms cause C++ RDKit hang,train
CHEMBL5985533,O=C1Nc2cccc(n2)-c2nncn2CCCCOc2c(Br)cccc21,Bridgehead atoms cause C++ RDKit hang,train
CHEMBL5871670,C[C@@H]1CCCOc2cc(F)c(Br)cc2C(=O)Nc2cccc(n2)-c2nncn21,Bridgehead atoms cause C++ RDKit hang,train
CHEMBL5831439,C[C@H]1CCCOc2cc(Br)ccc2C(=O)Nc2cccc(n2)-c2nncn21,Bridgehead atoms cause C++ RDKit hang,train
CHEMBL5987372,Cc1cc(F)c(C(=O)Nc2cccc(-c3nnnn3C(C)C)n2)cc1-c1cccnc1,>2 rings causes RDKit C++ hang - bypassed,train
CHEMBL5861580,C[C@@H]1COc2c(NC(=O)c3cc(-n4cnc(C5CC5)c4)ccn3)cccc2-c2nncn21,>2 rings causes RDKit C++ hang - bypassed,train
CHEMBL6000490,O=C(Nc1cccc2c1OCC(CO)n1cnnc1-2)c1cc(-n2cnc(C3CC3)c2)ccn1,>2 rings causes RDKit C++ hang - bypassed,train
CHEMBL5870054,O=C(Nc1cccc2c1OC[C@@H](CF)n1cnnc1-2)c1cc(-n2cnc(C3CC3)c2)ccn1,>2 rings causes RDKit C++ hang - bypassed,train
CHEMBL5872057,O=C(Nc1cccc2c1OC[C@H](CF)n1cnnc1-2)c1cc(-n2cnc(C3CC3)c2)ccn1,>2 rings causes RDKit C++ hang - bypassed,train
CHEMBL5917404,C[C@@H]1Cn2cnnc2-c2cccc(NC(=O)c3cc(-n4cnc(C5CC5)c4)ccn3)c2O1,>2 rings causes RDKit C++ hang - bypassed,train
CHEMBL5866915,O=C(Nc1cccc2c1OCCn1cnnc1-2)c1cc(-n2cnc(C3CC3)c2)ccn1,>2 rings causes RDKit C++ hang - bypassed,train
CHEMBL6003684,CC(C)Oc1cnc(C(=O)Nc2cccc3c2OCCn2cnnc2-3)cc1-n1cnc(C2CC2)c1,>2 rings causes RDKit C++ hang - bypassed,train
CHEMBL5967402,C[C@H]1COc2c(NC(=O)c3cc(-n4cnc(C5CC5)c4)ccn3)cccc2-c2nncn21,>2 rings causes RDKit C++ hang - bypassed,train
CHEMBL5916005,CC(C)n1cnnc1-c1cccc(N2Cc3ccc(N4CCCC(C(=O)O)C4)cc3C2=O)n1,>2 rings causes RDKit C++ hang - bypassed,train
CHEMBL5841794,CC(C)n1cnnc1-c1cccc(N2Cc3ccc(N4CCC(C(=O)O)CC4)cc3C2=O)n1,>2 rings causes RDKit C++ hang - bypassed,train
CHEMBL5926174,CC(C)n1cnnc1-c1cccc(N2Cc3ccc(N4CCC(CC(=O)O)CC4)cc3C2=O)n1,>2 rings causes RDKit C++ hang - bypassed,train
CHEMBL6007200,COc1cc2c(cc1C(=O)Nc1cccc(-c3nnnn3[C@H](C)CO)n1)CN(C(=O)c1cnccn1)CC2,>2 rings causes RDKit C++ hang - bypassed,train
CHEMBL6017511,COc1cc2c(cc1C(=O)Nc1cccc(-c3nnnn3[C@H](C)CO)n1)CN(C(=O)OC1CCOC1)CC2,>2 rings causes RDKit C++ hang - bypassed,train
CHEMBL5835534,CC(C)n1cnnc1-c1cccc(NC(=O)c2cc(NC(=O)Cc3ccccc3)ccc2F)n1,>2 rings causes RDKit C++ hang - bypassed,train
CHEMBL4860716,COc1nn(C)cc1C(=O)Nc1cccc(-c2nncn2C2CC(F)(F)C2)n1,>2 rings causes RDKit C++ hang - bypassed,train
CHEMBL4876558,COc1nn(C)cc1C(=O)Nc1cccc(-c2nncn2C2CCC2(F)F)n1,>2 rings causes RDKit C++ hang - bypassed,train
CHEMBL5755725,CC(C)n1nnnc1-c1cccc(NC(=O)c2cc3c(cc2F)CCN(C(=O)N2CCOCC2)C3)n1,>2 rings causes RDKit C++ hang - bypassed,train
CHEMBL5745492,CC(C)n1nnnc1-c1cccc(NC(=O)c2cc3c(cc2F)CCN(C(=O)N2C[C@@H](C)O[C@@H](C)C2)C3)n1,>2 rings causes RDKit C++ hang - bypassed,train
CHEMBL4544934,O=C1Nc2cccc(n2)-c2nncn2CCCCOc2ccc(N3CC4(COC4)C3)cc21,Bridgehead atoms cause C++ RDKit hang,train
CHEMBL6034794,Cc1cc2ncn(-c3cccc(-c4nnc5n4CCC5)n3)c(=O)c2cc1-n1cnc(C2CC2)c1,>2 rings causes RDKit C++ hang - bypassed,train
CHEMBL5805244,CC(C)n1cnnc1-c1cccc(NC(=O)c2ccc3c(c2)CN(C(=O)c2nccs2)CC3)n1,>2 rings causes RDKit C++ hang - bypassed,train
CHEMBL5747584,CN1CCN(C(=O)c2ccc3c(c2)CN(c2cccc(-c4nncn4C4CC4)n2)C3=O)CC1,>2 rings causes RDKit C++ hang - bypassed,train
CHEMBL5865699,CC(=O)N1CCN(C(=O)c2ccc3c(c2)CN(c2cccc(-c4nncn4C4CC4)n2)C3=O)CC1,>2 rings causes RDKit C++ hang - bypassed,train
CHEMBL5768799,CC(C)n1nnnc1-c1nc(NC(=O)c2cc(-n3cnc(C4CC4)c3)c(N3CCN(C)CC3)cn2)cs1,>2 rings causes RDKit C++ hang - bypassed,train
CHEMBL5803637,O=C1Nc2cccc(n2)-c2nncn2C/C=C\CCOc2cc(F)c(-c3ccncc3)cc21,Bridgehead atoms cause C++ RDKit hang,train
CHEMBL6061248,Cc1cnc(C(=O)Nc2cccc(-n3nnnc3C(C)C)n2)cc1-c1ccn(C(C)C)n1,>2 rings causes RDKit C++ hang - bypassed,train
CHEMBL5884937,CC(=O)c1ccccc1-c1cc2c(s1)C(=O)N(c1cccc(-c3nncn3C3CC3)n1)C2,>2 rings causes RDKit C++ hang - bypassed,train
CHEMBL5871254,CC(=O)Nc1cccc(-c2cc3c(s2)C(=O)N(c2cccc(-c4nncn4C4CC4)n2)C3)c1,>2 rings causes RDKit C++ hang - bypassed,train
CHEMBL5874729,Cc1cnc(C(=O)Nc2cccc(-c3nnnn3C(C)C)n2)cc1-c1ccncc1,>2 rings causes RDKit C++ hang - bypassed,train
CHEMBL4783726,O=C(Nc1cccc(-c2nncn2C2CC2)c1)c1cc(-n2cnc(C3CC3)c2)ccn1,>2 rings causes RDKit C++ hang - bypassed,train
CHEMBL5562919,Cc1cc(F)c(C(=O)Nc2cccc(-c3nnc4n3CCCC4)n2)cc1-n1cnc(C2CC2)c1,>2 rings causes RDKit C++ hang - bypassed,train
CHEMBL5969201,COCCOc1cc(F)c(C(=O)Nc2cccc(-c3nnc4n3CCCC4)n2)cc1-n1cnc(C2CC2)c1,>2 rings causes RDKit C++ hang - bypassed,train
CHEMBL6059194,O=C(Nc1cccc(-c2nnc3n2CCCC3)n1)c1cc(-n2cnc(C3CC3)c2)c(O)cc1F,>2 rings causes RDKit C++ hang - bypassed,train
CHEMBL5934277,O=C(Nc1cccc(-c2nnc3n2CCCC3)n1)c1cc(-n2cnc(C3CC3)c2)c(OCCF)cc1F,>2 rings causes RDKit C++ hang - bypassed,train
CHEMBL5947792,O=C(Nc1cccc(-c2nnc3n2CCCC3)n1)c1cc(-n2cnc(C3CC3)c2)c(OCCCF)cc1F,>2 rings causes RDKit C++ hang - bypassed,train
CHEMBL6044059,CN(C)c1cc(F)c(C(=O)Nc2cccc(-c3nnc4n3CCCC4)n2)cc1-n1cnc(C2CC2)c1,>2 rings causes RDKit C++ hang - bypassed,train
CHEMBL6023572,Cc1cc(F)c(C(=O)Nc2cccc(-c3nnc4n3CCCC4O)n2)cc1-n1cnc(C2CC2)c1,>2 rings causes RDKit C++ hang - bypassed,train
CHEMBL5759222,Cc1cc(F)c(C(=O)Nc2cccc(-c3nnc4n3CCC[C@@H]4O)n2)cc1-n1cnc(C2CC2)c1,>2 rings causes RDKit C++ hang - bypassed,train
CHEMBL5742641,Cc1cc(F)c(C(=O)Nc2cccc(-c3nnc4n3CCC[C@H]4O)n2)cc1-n1cnc(C2CC2)c1,>2 rings causes RDKit C++ hang - bypassed,train
CHEMBL5560919,CC(C)n1cnnc1-c1nc(NC(=O)c2cc3c(cc2F)CNCc2nc(C4CC4)cn2-3)cs1,>2 rings causes RDKit C++ hang - bypassed,train
CHEMBL5812241,Cn1cncc1-c1ccc2c(c1)C(=O)N(c1cccc(-c3nncn3C3CC3)n1)C2,>2 rings causes RDKit C++ hang - bypassed,train
CHEMBL5797433,COc1cc2c(cc1C(=O)Nc1cccc(-c3nnnn3[C@H](C)CO)n1)CN(C(=O)c1cnn(C)c1)CC2,>2 rings causes RDKit C++ hang - bypassed,train
CHEMBL3954144,C[C@H](n1cnnc1-c1nc(NC(=O)c2cc(-n3cnc(C4CC4)c3)c(N3CCCOCC3)cn2)cs1)C(F)(F)F,>2 rings causes RDKit C++ hang - bypassed,train
CHEMBL5439242,CC(C)n1cnnc1-c1cccc(NC(=O)c2cc3c(C(F)(F)F)nn(C)c3[nH]c2=O)c1,>2 rings causes RDKit C++ hang - bypassed,train
CHEMBL5404747,CC(C)n1cnnc1-c1cccc(NC(=O)c2cc3c(C(F)(F)F)nn(C)c3n(C)c2=O)c1,>2 rings causes RDKit C++ hang - bypassed,train
CHEMBL5899805,Cc1cc(F)c(C(=O)Nc2cccc(-c3nnc4n3C3(CC4)CC3)n2)cc1-n1cnc(C(C)C)c1,Spiro atoms cause C++ RDKit hang,train
CHEMBL6057050,C[C@H](CO)n1nnnc1-c1cccc(NC(=O)c2cc3c(cn2)CCN(S(=O)(=O)N2CCCC2)C3)n1,>2 rings causes RDKit C++ hang - bypassed,train
CHEMBL5565976,C=C(C)[C@@H]1CC[C@]2(C(=O)On3nnc4ccccc43)CC[C@]3(C)[C@H](C[C@@H](O)[C@@H]4[C@@]5(C)C(CC(=O)OCC)OC(C)(C)C5CC[C@]43C)[C@@H]12,>2 rings causes RDKit C++ hang - bypassed,train
CHEMBL5803006,C[C@H](CO)n1nnnc1-c1cccc(NC(=O)c2cc3c(cn2)CCN(C(=O)N2CCCC2)C3)n1,>2 rings causes RDKit C++ hang - bypassed,train
CHEMBL5914015,CC(C)n1nnnc1-c1cccc(NC(=O)c2cc3c(cn2)CCN(C(=O)N2CCCC2)C3)n1,>2 rings causes RDKit C++ hang - bypassed,train
CHEMBL5872431,CC(C)n1cnnc1-c1cccc(NC(=O)c2ccc3ccc(N4CCOCC4)nc3c2)n1,>2 rings causes RDKit C++ hang - bypassed,train
CHEMBL5406935,CC(C)n1cnnc1-c1cccc(NC(=O)c2cc3c(cc2F)CCCC(=O)N3)c1,>2 rings causes RDKit C++ hang - bypassed,train
CHEMBL5872576,CC(C)n1nnnc1-c1cccc(N2Cc3ccc(-c4ccc(C5CC5)nc4)cc3C2=O)n1,>2 rings causes RDKit C++ hang - bypassed,train
CHEMBL6034190,CCOC(=O)N1CCc2cnc(C(=O)Nc3cccc(-c4nnnn4[C@H]4CCC[C@@H]4O)n3)cc2C1,>2 rings causes RDKit C++ hang - bypassed,train
CHEMBL5965000,CCOC(=O)N1CCc2cnc(C(=O)Nc3cccc(-c4nnnn4[C@@H]4CCC[C@@H]4O)n3)cc2C1,>2 rings causes RDKit C++ hang - bypassed,train
CHEMBL3955870,O=C1c2ccccc2CN1c1cccc(-c2nncn2CC2CCO2)n1,>2 rings causes RDKit C++ hang - bypassed,train
CHEMBL6028616,CC(C)c1nnnn1-c1cccc(NC(=O)c2cc3c(cc2F)CCN(C(=O)OCc2ccccc2)C3)n1,>2 rings causes RDKit C++ hang - bypassed,train
CHEMBL3953359,C[C@H](n1cnnc1-c1nc(NC(=O)c2cc(-n3cnc(C4CC4)c3)c(N3CC4CC4C3)cn2)cs1)C(F)(F)F,>2 rings causes RDKit C++ hang - bypassed,train
CHEMBL6048336,O=C1Nc2cccc(n2)-c2nncn2CCCCOc2ccc(C3=CCOCC3)cc21,Bridgehead atoms cause C++ RDKit hang,train
CHEMBL5902907,O=C1Nc2cccc(n2)-c2nncn2CCCCOc2cc(F)c(C3=CCOCC3)cc21,Bridgehead atoms cause C++ RDKit hang,train
CHEMBL5827724,C[C@H]1CCCOc2cc(F)c(C3=CCOCC3)cc2C(=O)Nc2cccc(n2)-c2nncn21,Bridgehead atoms cause C++ RDKit hang,train
CHEMBL3903012,C[C@H](n1cnnc1-c1nc(NC(=O)c2cc(-n3cnc(C4CC4)c3)c(N3CC4(CCOCC4)C3)cn2)cs1)C(F)(F)F,Spiro atoms cause C++ RDKit hang,train
CHEMBL5896184,CCOC(=O)N1CCc2cc(OC)c(C(=O)Nc3cccc(-c4nnc5n4CCCC5)n3)cc2C1,>2 rings causes RDKit C++ hang - bypassed,train
CHEMBL5974232,CCOC(=O)N1CCc2cc(F)c(C(=O)Nc3cccc(-c4nnc5n4CCCC5)n3)cc2C1,>2 rings causes RDKit C++ hang - bypassed,train
CHEMBL5977706,CC(C)n1nnnc1-c1cccc(NC(=O)c2cc3c(cc2F)CCN(S(=O)(=O)C2CCCC2)C3)n1,>2 rings causes RDKit C++ hang - bypassed,train
CHEMBL5740862,Cc1cnc(C(=O)Nc2cccc(-c3nncn3C(C)C)n2)cc1C1CC1NC(=O)OC(C)(C)C,>2 rings causes RDKit C++ hang - bypassed,train
CHEMBL5759581,CCC1CC1c1cc(C(=O)Nc2cccc(-c3nncn3C(C)C)n2)ncc1C,>2 rings causes RDKit C++ hang - bypassed,train
CHEMBL6026348,Cc1cnc(C(=O)Nc2cccc(-c3nncn3C(C)C)n2)cc1C1CC1NC(=O)OCC(F)(F)F,>2 rings causes RDKit C++ hang - bypassed,train
CHEMBL6035210,CC(C)n1cnnc1-c1cccc(NC(=O)c2cc3c(cc2F)CCN(C(=O)N2CCCC2)C3)n1,>2 rings causes RDKit C++ hang - bypassed,train
CHEMBL5865594,COc1cc2c(cc1C(=O)Nc1cccc(-c3nncn3C(C)C)n1)CN(C(=O)N1CCCC1)CC2,>2 rings causes RDKit C++ hang - bypassed,train
CHEMBL5834559,C[C@H](CO)n1cnnc1-c1cccc(NC(=O)c2cc3c(cc2F)CCN(C(=O)N2CCCC2)C3)n1,>2 rings causes RDKit C++ hang - bypassed,train
CHEMBL5853538,COc1cc2c(cc1C(=O)Nc1cccc(-c3nncn3[C@H](C)CO)n1)CN(C(=O)N1CCCC1)CC2,>2 rings causes RDKit C++ hang - bypassed,train
CHEMBL4859892,CC(C)n1cnnc1-c1ccc2[nH]nc(-c3ccc(N4CCOCC4)c(-n4cnc(C5CC5)c4)c3)c2c1,>2 rings causes RDKit C++ hang - bypassed,train
CHEMBL4852798,CCOC(C)n1cc(-c2cncc(-c3n[nH]c4ccc(-c5nncn5C(C)C)cc34)c2)cn1,>2 rings causes RDKit C++ hang - bypassed,train
CHEMBL4763562,CC(C)n1cnnc1-c1cccc(NC(=O)Nc2nccc3ccccc23)n1,>2 rings causes RDKit C++ hang - bypassed,train
CHEMBL4764071,C[C@H](CO)n1cnnc1-c1cccc(NC(=O)Nc2nccc3ccccc23)n1,>2 rings causes RDKit C++ hang - bypassed,train
CHEMBL5903429,Cc1cnc(C(=O)Nc2cccc(-c3nnnn3C(C)C)n2)cc1-c1cccnc1,>2 rings causes RDKit C++ hang - bypassed,train
CHEMBL5993205,Cc1cnc(C(=O)Nc2cccc(-c3nnnn3[C@H](C)CO)n2)cc1-c1cccnc1,>2 rings causes RDKit C++ hang - bypassed,train
CHEMBL5747538,CC(=O)OC[C@@H](C)n1nnnc1-c1cccc(N2Cc3ccc(OC(C)C)cc3C2=O)n1,>2 rings causes RDKit C++ hang - bypassed,train
CHEMBL6038695,CC(C)Oc1ccc2c(c1)C(=O)N(c1cccc(-c3nnnn3[C@H](C)CO)n1)C2,>2 rings causes RDKit C++ hang - bypassed,train
CHEMBL5937856,CC(C)n1nnnc1-c1cccc(N2Cc3ccccc3C2=O)n1,>2 rings causes RDKit C++ hang - bypassed,train
CHEMBL5778409,Cc1cc2c(cc1OC(C)C)C(=O)N(c1cccc(-c3nnnn3[C@H](C)CO)n1)C2,>2 rings causes RDKit C++ hang - bypassed,train
CHEMBL4750857,CC(C)n1cnnc1-c1cccc(NC(=O)Nc2ncc3ccccc3n2)n1,>2 rings causes RDKit C++ hang - bypassed,train
CHEMBL4752034,C[C@H](CO)n1cnnc1-c1cccc(NC(=O)Nc2ncc3ccccc3n2)n1,>2 rings causes RDKit C++ hang - bypassed,train
CHEMBL5770164,COc1cc2c(cc1C(=O)Nc1cccc(-c3nnnn3[C@H](C)CO)n1)CN(c1cccnc1)CC2,>2 rings causes RDKit C++ hang - bypassed,train
CHEMBL5978541,O=C1c2sccc2CN1c1cccc(-c2nncn2C2CC2)n1,>2 rings causes RDKit C++ hang - bypassed,train
CHEMBL5844355,Cc1cc2c(s1)C(=O)N(c1cccc(-c3nncn3C3CC3)n1)C2,>2 rings causes RDKit C++ hang - bypassed,train
CHEMBL5766194,CCc1cc2c(s1)C(=O)N(c1cccc(-c3nncn3C3CC3)n1)C2,>2 rings causes RDKit C++ hang - bypassed,train
CHEMBL5811360,Cc1csc2c1CN(c1cccc(-c3nncn3C3CC3)n1)C2=O,>2 rings causes RDKit C++ hang - bypassed,train
CHEMBL5851378,O=C1c2scc(Br)c2CN1c1cccc(-c2nncn2C2CC2)n1,>2 rings causes RDKit C++ hang - bypassed,train
CHEMBL5831706,COc1cc2c(s1)C(=O)N(c1cccc(-c3nncn3C3CC3)n1)C2,>2 rings causes RDKit C++ hang - bypassed,train
CHEMBL3961404,C[C@H](n1cnnc1-c1nc(NC(=O)c2cc(-n3cnc(C4CC4)c3)c(N3CCC4(CC3)COC4)cn2)cs1)C(F)(F)F,Spiro atoms cause C++ RDKit hang,train
CHEMBL5968252,Cn1nccc1-c1ccc2c(c1)C(=O)Nc1cccc(n1)-c1nncn1CCCCO2,Bridgehead atoms cause C++ RDKit hang,train
CHEMBL5968965,Cc1cc(-c2ccc3c(c2)C(=O)Nc2cccc(n2)-c2nncn2CCCCO3)n(C)n1,Bridgehead atoms cause C++ RDKit hang,train
CHEMBL4762235,CC(C)n1cnnc1-c1cccc(NC(=O)OCc2ccccc2)n1,>2 rings causes RDKit C++ hang - bypassed,train
CHEMBL6021404,O=C1c2ccccc2CN1c1nccc(-c2nncn2C2CC2)n1,>2 rings causes RDKit C++ hang - bypassed,train
CHEMBL3973753,O=C(Nc1csc(-c2nncn2C2CC2)n1)c1cc(-n2cnc(C3CC3)c2)c(N2CC3(CCOCC3)C2)cn1,Spiro atoms cause C++ RDKit hang,train
CHEMBL5918435,O=C(c1ccc2c(c1)CN(c1cccc(-c3nncn3C3CC3)n1)C2=O)N1CCSCC1,>2 rings causes RDKit C++ hang - bypassed,train
CHEMBL5748729,Cc1cc(F)c(C(=O)Nc2cccc(-c3nnnn3[C@@H]3CCOC3)n2)cc1-n1cnc(C2CC2)c1,>2 rings causes RDKit C++ hang - bypassed,train
CHEMBL5844895,Cc1cc(F)c(C(=O)Nc2cccc(-c3nnnn3[C@H]3CCOC3)n2)cc1-n1cnc(C2CC2)c1,>2 rings causes RDKit C++ hang - bypassed,train
CHEMBL6059094,CC(C)n1cnnc1-c1cccc(NC(=O)c2cc3c(cn2)CN(C(=O)OCc2ccccc2)C3)n1,>2 rings causes RDKit C++ hang - bypassed,train
CHEMBL5962982,O=C1Nc2cccc(n2)-c2nncn2CCCCOc2cc(F)c(-c3cncnc3)cc21,Bridgehead atoms cause C++ RDKit hang,train
CHEMBL5868743,C[C@H]1CCCOc2cc(F)c(-c3cncnc3)cc2C(=O)Nc2cccc(n2)-c2nncn21,Bridgehead atoms cause C++ RDKit hang,train
CHEMBL5970189,Cc1cc(F)c(C(=O)Nc2cccc(-n3nnnc3C(C)C)n2)cc1-n1cnc(C(F)(F)F)c1,>2 rings causes RDKit C++ hang - bypassed,train
CHEMBL5948166,Cc1cc(F)c(C(=O)Nc2cccc(-n3nnnc3C(C)C)n2)cc1-n1cnc(C(C)(C)C)c1,>2 rings causes RDKit C++ hang - bypassed,train
CHEMBL5901410,COc1cc2c(cc1C(=O)Nc1cccc(-c3nncn3C(C)C)n1)C(=O)N(C(C)C)C2,>2 rings causes RDKit C++ hang - bypassed,train
CHEMBL6024081,CC(C)N1Cc2cc(F)c(C(=O)Nc3cccc(-c4nncn4C(C)C)n3)cc2C1=O,>2 rings causes RDKit C++ hang - bypassed,train
CHEMBL5777221,Cc1cc(F)c(C(=O)Nc2cccc(-c3nnnn3C(C)C)n2)cc1-n1cnc(C(F)(F)F)c1,>2 rings causes RDKit C++ hang - bypassed,train
CHEMBL5909662,Cc1cc(F)c(C(=O)Nc2cccc(-c3nnnn3[C@H](C)CO)n2)cc1-n1cnc(C(F)(F)F)c1,>2 rings causes RDKit C++ hang - bypassed,train
CHEMBL5846515,Cc1cc(F)c(C(=O)Nc2cccc(-c3nnnn3C(C)C)n2)cc1-n1cnc(C(C)(C)C)c1,>2 rings causes RDKit C++ hang - bypassed,train
CHEMBL5805615,CC(=O)OC[C@@H](C)n1nnnc1-c1cccc(NC(=O)c2cc(-n3cnc(C(C)(C)C)c3)c(C)cc2F)n1,>2 rings causes RDKit C++ hang - bypassed,train
CHEMBL4744931,CC(C)n1cnnc1-c1cccc(NC(=O)Nc2ccc(-c3ccn(C)n3)cn2)n1,>2 rings causes RDKit C++ hang - bypassed,train
CHEMBL5948938,Cc1cnc(C(=O)Nc2cccc(-n3nnnc3C(C)C)n2)cc1-c1cnn(C2CC2)c1,>2 rings causes RDKit C++ hang - bypassed,train
CHEMBL6056097,CC(C)n1cnnc1-c1cccc(NC(=O)c2cc(CC(=O)c3ccc(F)c(F)c3)ccc2F)n1,>2 rings causes RDKit C++ hang - bypassed,train
CHEMBL5844202,O=C(Cc1ccc(F)c(C(=O)Nc2cccc(-c3nncn3C(CF)CF)n2)c1)c1ccccc1,>2 rings causes RDKit C++ hang - bypassed,train
CHEMBL5837342,C.C[C@H](CO)n1cnnc1-c1cccc(NC(=O)c2cc(CC(=O)c3ccccc3)ccc2F)n1,>2 rings causes RDKit C++ hang - bypassed,train
CHEMBL6041051,CC(C)n1cnnc1-c1cccc(N2CCN(CCc3cnc(C4CC4)nc3)C2=O)n1,>2 rings causes RDKit C++ hang - bypassed,train
CHEMBL5753906,Cc1cc2ncn(-c3cccc(-c4nncn4C4CCOCC4)n3)c(=O)c2cc1-n1cnc(C2CC2)c1,>2 rings causes RDKit C++ hang - bypassed,train
CHEMBL6013421,CC1(C)COc2c(NC(=O)c3cc(-n4cnc(C5CC5)c4)c(N4CCOCC4)cn3)cccc2-c2nncn21,>2 rings causes RDKit C++ hang - bypassed,train
CHEMBL5760486,C[C@H]1COc2c(NC(=O)c3cc(-n4cnc(C5CC5)c4)c(N4CCOCC4)cn3)cccc2-c2nncn21,>2 rings causes RDKit C++ hang - bypassed,train
CHEMBL5832635,C[C@@H]1COc2c(NC(=O)c3cc(-n4cnc(C5CC5)c4)c(N4CCOCC4)cn3)cccc2-c2nncn21,>2 rings causes RDKit C++ hang - bypassed,train
CHEMBL5939872,O=C(Nc1cccc2c1OCCn1cnnc1-2)c1cc(-n2cnc(C3CC3)c2)c(N2CCOCC2)cn1,>2 rings causes RDKit C++ hang - bypassed,train
CHEMBL5835921,O=C(NC1CC1)c1ccc2c(c1)CN(c1cccc(-c3nncn3C3CC3)n1)C2=O,>2 rings causes RDKit C++ hang - bypassed,train
CHEMBL4754232,CC(C)n1cnnc1-c1cccc(NC(=O)Nc2cnccn2)n1,>2 rings causes RDKit C++ hang - bypassed,train
CHEMBL5962794,Cc1cnc(C(=O)Nc2cccc(-n3nnnc3C(C)C)n2)cc1-c1cnn(C(C)(C)C)c1,>2 rings causes RDKit C++ hang - bypassed,train
CHEMBL5909836,Cc1cnc(C(=O)Nc2cccc(-n3nnnc3C(C)C)n2)cc1-c1cnn(C(C)C)c1,>2 rings causes RDKit C++ hang - bypassed,train
CHEMBL5841644,Cc1cnc(C(=O)Nc2cccc(-n3nnnc3C(C)C)n2)cc1-c1cnn(C(F)(F)F)c1,>2 rings causes RDKit C++ hang - bypassed,train
CHEMBL5808077,CC(C)n1cnnc1-c1cccc(N2Cc3ccc(-c4ccc5cc(C(=O)O)[nH]c5c4)cc3C2=O)n1,>2 rings causes RDKit C++ hang - bypassed,train
CHEMBL5811326,CC(C)n1cnnc1-c1cccc(N2Cc3ccsc3C2=O)n1,>2 rings causes RDKit C++ hang - bypassed,train
CHEMBL6043682,Cc1cnc(C(=O)Nc2cccc(-n3nnnc3C(C)C)n2)cc1-n1cnc(C2CC2)c1,>2 rings causes RDKit C++ hang - bypassed,train
CHEMBL2205631,CNCc1ccc2nc(NC(=O)c3ccc(C(C)(C)C)cc3)cn2c1,>2 rings causes RDKit C++ hang - bypassed,train
CHEMBL2205630,CC(C)(C)c1ccc(C(=O)Nc2cn3cc(CO)ccc3n2)cc1,>2 rings causes RDKit C++ hang - bypassed,train
CHEMBL2205629,CC(C)(C)c1ccc(C(=O)Nc2cn3cc(Br)ccc3n2)cc1,>2 rings causes RDKit C++ hang - bypassed,train
CHEMBL2205628,CC(C)(C)c1ccc(C(=O)Nc2cn3cc(Cl)ccc3n2)cc1,>2 rings causes RDKit C++ hang - bypassed,train
CHEMBL2205627,CC(C)(C)c1ccc(C(=O)Nc2cn3cc(F)ccc3n2)cc1,>2 rings causes RDKit C++ hang - bypassed,train
CHEMBL2205626,Cc1ccc2nc(NC(=O)c3ccc(C(C)(C)C)cc3)cn2c1,>2 rings causes RDKit C++ hang - bypassed,train
CHEMBL5743687,CC(C)N1Cc2cnc(C(=O)Nc3cccc(-c4nnnn4[C@H](C)CO)n3)cc2C1=O,>2 rings causes RDKit C++ hang - bypassed,train
CHEMBL5562668,CC(C)n1cnnc1-c1cccc(N2Cc3ccc(-n4cnc(C5CC5)c4)cc3C2=O)n1,>2 rings causes RDKit C++ hang - bypassed,train
CHEMBL5561877,Cc1cc2c(cc1-n1cnc(C3CC3)c1)C(=O)N(c1cccc(-c3nncn3C(C)C)n1)C2,>2 rings causes RDKit C++ hang - bypassed,train
CHEMBL4470285,O=C1Nc2cccc(n2)-c2nncn2CCCOc2ccccc21,Bridgehead atoms cause C++ RDKit hang,train
CHEMBL5850438,O=C1Nc2cccc(n2)-c2nncn2CCCOc2ccc(Br)cc21,Bridgehead atoms cause C++ RDKit hang,train
CHEMBL5936841,O=C1c2cc(-c3cncnc3)ccc2CN1c1cccc(-c2nncn2C2CC2)n1,>2 rings causes RDKit C++ hang - bypassed,train
CHEMBL5895330,Cc1ncc(-c2ccc3c(c2)C(=O)N(c2cccc(-c4nncn4C4CC4)n2)C3)cn1,>2 rings causes RDKit C++ hang - bypassed,train
CHEMBL5556467,Cc1cc2c(cc1-n1cnc(C3CC3)c1)C(=O)N(c1cccc(-c3nncn3C(C)C)n1)CC2,>2 rings causes RDKit C++ hang - bypassed,train
CHEMBL5568074,CC(C)n1cnnc1-c1cccc(N2CCc3ccc(-n4cnc(C5CC5)c4)cc3C2=O)n1,>2 rings causes RDKit C++ hang - bypassed,train
CHEMBL5559927,CC(C)n1cnnc1-c1cccc(N2CC(C)(C)c3ccc(-n4cnc(C5CC5)c4)cc3C2=O)n1,>2 rings causes RDKit C++ hang - bypassed,train
CHEMBL5964859,CC(C)n1cnnc1-c1cccc(N2CCc3cc(Cl)c(-n4cnc(C5CC5)c4)cc3C2=O)n1,>2 rings causes RDKit C++ hang - bypassed,train
CHEMBL5739608,CC(C)n1cnnc1-c1cccc(-n2cnc3cc(-c4cccnc4)c(-n4cnc(C5CC5)c4)cc3c2=O)n1,>2 rings causes RDKit C++ hang - bypassed,train
CHEMBL5760339,Cc1ccc(-c2cc3ncn(-c4cccc(-c5nncn5C(C)C)n4)c(=O)c3cc2-n2cnc(C3CC3)c2)cn1,>2 rings causes RDKit C++ hang - bypassed,train
CHEMBL5943675,COc1ccc(-c2cc3ncn(-c4cccc(-c5nncn5C(C)C)n4)c(=O)c3cc2-n2cnc(C3CC3)c2)cn1,>2 rings causes RDKit C++ hang - bypassed,train
CHEMBL5988998,CC(C)n1cnnc1-c1cccc(-n2cnc3cc(-c4ccc(N)nc4)c(-n4cnc(C5CC5)c4)cc3c2=O)n1,>2 rings causes RDKit C++ hang - bypassed,train
CHEMBL4847905,CC(C)n1cnnc1-c1cccc(NC(=O)c2cc3ccc(-c4cnn(C5CCOCC5)c4)cc3[nH]2)n1,>2 rings causes RDKit C++ hang - bypassed,train
CHEMBL5772652,Cc1cc(F)c(C(=O)Nc2cccc(-c3nnnn3C(C)C)n2)cc1-n1cnc(C2CC2)c1,>2 rings causes RDKit C++ hang - bypassed,train
CHEMBL5909410,CC(=O)OCC(C)n1nnnc1-c1cccc(NC(=O)c2cc(-n3cnc(C4CC4)c3)c(C)cc2F)n1,>2 rings causes RDKit C++ hang - bypassed,train
CHEMBL6040656,CC(=O)OC[C@@H](C)n1nnnc1-c1cccc(NC(=O)c2cc(-n3cnc(C4CC4)c3)c(C)cc2F)n1,>2 rings causes RDKit C++ hang - bypassed,train
CHEMBL5849541,Cc1cc(F)c(C(=O)Nc2cccc(-c3nnnn3[C@H](C)CO)n2)cc1-n1cnc(C2CC2)c1,>2 rings causes RDKit C++ hang - bypassed,train
CHEMBL6002542,Cc1cc(F)c(C(=O)Nc2cccc(-c3nnnn3CC(C)C)n2)cc1-n1cnc(C2CC2)c1,>2 rings causes RDKit C++ hang - bypassed,train
CHEMBL5959145,Cc1cc(F)c(C(=O)Nc2cccc(-c3nnnn3CC(F)F)n2)cc1-n1cnc(C2CC2)c1,>2 rings causes RDKit C++ hang - bypassed,train
CHEMBL5957414,Cc1cc(F)c(C(=O)Nc2cccc(-c3nnnn3CC(C)(C)C)n2)cc1-n1cnc(C2CC2)c1,>2 rings causes RDKit C++ hang - bypassed,train
CHEMBL5783318,Cc1cc(F)c(C(=O)Nc2cccc(-c3nnnn3[C@H](C)CF)n2)cc1-n1cnc(C2CC2)c1,>2 rings causes RDKit C++ hang - bypassed,train
CHEMBL5851667,Cc1cc(F)c(C(=O)Nc2cccc(-c3nnnn3[C@@H](C)CF)n2)cc1-n1cnc(C2CC2)c1,>2 rings causes RDKit C++ hang - bypassed,train
CHEMBL5926416,Cc1cc(F)c(C(=O)Nc2cccc(-c3nnnn3C(C)C(F)(F)F)n2)cc1-n1cnc(C2CC2)c1,>2 rings causes RDKit C++ hang - bypassed,train
CHEMBL5814645,Cc1cc(F)c(C(=O)Nc2cccc(-c3nnnn3C(C)C(=O)O)n2)cc1-n1cnc(C2CC2)c1,>2 rings causes RDKit C++ hang - bypassed,train
CHEMBL5834841,CC(=O)NC[C@@H](C)n1nnnc1-c1cccc(NC(=O)c2cc(-n3cnc(C4CC4)c3)c(C)cc2F)n1,>2 rings causes RDKit C++ hang - bypassed,train
CHEMBL6005817,Cc1cc(F)c(C(=O)Nc2cccc(-c3nnnn3[C@H](C)CCO)n2)cc1-n1cnc(C2CC2)c1,>2 rings causes RDKit C++ hang - bypassed,train
CHEMBL5839539,CC(=O)OCC[C@@H](C)n1nnnc1-c1cccc(NC(=O)c2cc(-n3cnc(C4CC4)c3)c(C)cc2F)n1,>2 rings causes RDKit C++ hang - bypassed,train
CHEMBL6015111,CCCC(=O)OC[C@@H](C)n1nnnc1-c1cccc(NC(=O)c2cc(-n3cnc(C4CC4)c3)c(C)cc2F)n1,>2 rings causes RDKit C++ hang - bypassed,train
CHEMBL5945418,Cc1cc(F)c(C(=O)Nc2cccc(-c3nnnn3C(CO)CO)n2)cc1-n1cnc(C2CC2)c1,>2 rings causes RDKit C++ hang - bypassed,train
CHEMBL5844537,CC(C)n1nnnc1-c1cccc(NC(=O)c2cc(-n3cnc(C4CC4)c3)c(C(F)F)cc2F)n1,>2 rings causes RDKit C++ hang - bypassed,train
CHEMBL6062879,C[C@H](CO)n1nnnc1-c1cccc(NC(=O)c2cc(-n3cnc(C4CC4)c3)c(C(F)F)cc2F)n1,>2 rings causes RDKit C++ hang - bypassed,train
CHEMBL5928360,C[C@H](CO)n1nnnc1-c1cccc(NC(=O)c2cc(-n3cnc(C4CC4)c3)c(CO)cc2F)n1,>2 rings causes RDKit C++ hang - bypassed,train
CHEMBL5986352,CC(C)n1nnnc1-c1cccc(NC(=O)c2cc(-n3cnc(C4CC4)c3)c(C(F)(F)F)cc2F)n1,>2 rings causes RDKit C++ hang - bypassed,train
CHEMBL5834380,COc1cc(C)c(-n2cnc(C3CC3)c2)cc1C(=O)Nc1cccc(-c2nnnn2C(C)C)n1,>2 rings causes RDKit C++ hang - bypassed,train
CHEMBL5985759,COc1cc(C)c(-n2cnc(C3CC3)c2)cc1C(=O)Nc1cccc(-c2nnnn2[C@H](C)CO)n1,>2 rings causes RDKit C++ hang - bypassed,train
CHEMBL5804066,CC(=O)OC[C@H](C)n1nnnc1-c1cccc(NC(=O)c2cc(-n3cnc(C4CC4)c3)c(C)cc2F)n1,>2 rings causes RDKit C++ hang - bypassed,train
CHEMBL5802743,Cc1cc(F)c(C(=O)Nc2cccc(-c3nnnn3[C@@H](C)CO)n2)cc1-n1cnc(C2CC2)c1,>2 rings causes RDKit C++ hang - bypassed,train
CHEMBL5825731,Cc1cc(F)c(C(=O)Nc2cccc(-c3nnnn3C(C)CO)n2)cc1-n1cnc(C2CC2)c1,>2 rings causes RDKit C++ hang - bypassed,train
CHEMBL5996048,COc1cc(C)c(-n2cnc(C3CC3)c2)cc1C(=O)Nc1cccc(-c2nnnn2C(C)CO)n1,>2 rings causes RDKit C++ hang - bypassed,train
CHEMBL5872439,O=C1Nc2cccc(n2)-c2nncn2C/C=C\CCOc2ccccc21,Bridgehead atoms cause C++ RDKit hang,train
CHEMBL5774163,O=C1Nc2cccc(n2)-c2nncn2C/C=C\CCOc2cc(F)c(Br)cc21,Bridgehead atoms cause C++ RDKit hang,train
CHEMBL6044076,C[C@H](CO)n1nnnc1-c1cccc(NC(=O)c2cc3c(cc2F)CCN(C(=O)N2CCC2)C3)n1,>2 rings causes RDKit C++ hang - bypassed,train
CHEMBL5431768,CC(C)n1cnnc1-c1cccc(NC(=O)c2cc3c(cc2F)OCc2cncn2-3)n1,>2 rings causes RDKit C++ hang - bypassed,train
CHEMBL3644043,C[C@](O)(CO)c1ccc(C(=O)Nc2cc3c(ccn3C3CC3)cn2)cc1,>2 rings causes RDKit C++ hang - bypassed,train
CHEMBL3644048,C[C@](O)(CO)c1ccc(C(=O)Nc2cc3c(cn2)c(Br)cn3C2CC2)cc1,>2 rings causes RDKit C++ hang - bypassed,train
CHEMBL3644049,C[C@](O)(CO)c1ccc(C(=O)Nc2cc3c(cn2)c(Cl)cn3C2CC2)cc1,>2 rings causes RDKit C++ hang - bypassed,train
CHEMBL3644053,CC(C)(CO)c1ccc(C(=O)Nc2cc3c(cn2)c(Cl)cn3C2CC2)cc1,>2 rings causes RDKit C++ hang - bypassed,train
CHEMBL6019875,Cc1cc(F)c(C(=O)Nc2cccc(-c3nncn3C(C)C)n2)cc1C1CC1NS(=O)(=O)C1CC1,>2 rings causes RDKit C++ hang - bypassed,train
CHEMBL5437066,O=C(Nc1cccc(-c2nncn2C2CC2)n1)c1cc(Br)cn(Cc2ccccc2F)c1=O,>2 rings causes RDKit C++ hang - bypassed,train
CHEMBL5782232,CC(C)n1cnnc1-c1cccc(NC(=O)c2cc3c(cn2)CCN(S(=O)(=O)c2ccccc2)C3)n1,>2 rings causes RDKit C++ hang - bypassed,train
CHEMBL5842827,C[C@H](CO)n1cnnc1-c1cccc(NC(=O)c2cc3c(cn2)CCN(S(=O)(=O)c2ccccc2)C3)n1,>2 rings causes RDKit C++ hang - bypassed,train
CHEMBL4286022,CC(C)n1cnnc1-c1cccc(NC(=O)c2cccc(-c3ncc[nH]3)c2)n1,>2 rings causes RDKit C++ hang - bypassed,train
CHEMBL4758606,CC(C)n1cnnc1-c1cccc(NC(=O)Nc2nc3ccccc3[nH]2)n1,>2 rings causes RDKit C++ hang - bypassed,train
CHEMBL4284524,O=C1NCc2c1c1c3ccccc3[nH]c1c1[nH]c3ccc(O)cc3c21,>2 rings causes RDKit C++ hang - bypassed,train
CHEMBL4294912,O=C1NCc2c1c1c3cc(O)ccc3[nH]c1c1[nH]c3ccccc3c21,>2 rings causes RDKit C++ hang - bypassed,train
CHEMBL4284275,COC1NC(=O)c2c1c1c3ccccc3[nH]c1c1[nH]c3ccc(O)cc3c21,>2 rings causes RDKit C++ hang - bypassed,train
CHEMBL6036447,Cc1c[nH]c2ncnc(N3CCC(NC(=O)c4cc(N)ncc4F)CC3)c12,>2 rings causes RDKit C++ hang - bypassed,train
CHEMBL5812512,Cc1c[nH]c2ncnc(N3CCC(NC(=O)c4cc(N)ncc4Cl)CC3)c12,>2 rings causes RDKit C++ hang - bypassed,train
CHEMBL5746514,Nc1cc(C(=O)NC2CCN(c3ncnc4[nH]cc(Cl)c34)CC2)ccn1,>2 rings causes RDKit C++ hang - bypassed,train
CHEMBL5770629,Nc1cc(C(=O)NC2CCN(c3ncnc4[nH]cc(Cl)c34)CC2)c(F)cn1,>2 rings causes RDKit C++ hang - bypassed,train
CHEMBL5799275,Cc1cc(F)c(C(=O)Nc2cccc(-c3nnnn3[C@H]3CCOC3)n2)cc1-c1cnn(C2CC2)c1,>2 rings causes RDKit C++ hang - bypassed,train
CHEMBL5878719,Cc1cc(F)c(C(=O)Nc2cccc(-c3nnnn3[C@@H]3CCOC3)n2)cc1-c1cnn(C2CC2)c1,>2 rings causes RDKit C++ hang - bypassed,train
CHEMBL3402506,CCCCCOc1ccc(C2C(C(=O)c3ccc4c(c3)OCCO4)=C(O)C(=O)N2c2nc3ccc(C)cc3s2)cc1,>2 rings causes RDKit C++ hang - bypassed,train
CHEMBL3402505,CCCCOc1ccc(C2C(C(=O)c3ccc4c(c3)OCCO4)=C(O)C(=O)N2c2nc3ccc(Cl)cc3s2)cc1,>2 rings causes RDKit C++ hang - bypassed,train
CHEMBL3402504,CCCOc1ccc(C2C(C(=O)c3ccc4c(c3)OCCO4)=C(O)C(=O)N2c2nc3ccc(Cl)cc3s2)cc1,>2 rings causes RDKit C++ hang - bypassed,train
CHEMBL3402503,CCCCOc1ccc(C2C(C(=O)c3ccc4c(c3)OCCO4)=C(O)C(=O)N2c2nc3ccc(C)cc3s2)cc1,>2 rings causes RDKit C++ hang - bypassed,train
CHEMBL3402502,CCCCOc1ccc(C2C(C(=O)c3ccc4c(c3)OCCO4)=C(O)C(=O)N2c2nc3ccc(Cl)cc3s2)cc1OCC,>2 rings causes RDKit C++ hang - bypassed,train
CHEMBL3402501,CC(C)(C)c1ccc(C2C(C(=O)c3ccc4c(c3)OCCO4)=C(O)C(=O)N2c2nc3ccc(Cl)cc3s2)cc1,>2 rings causes RDKit C++ hang - bypassed,train
CHEMBL3402500,CCCOc1ccc(C2C(C(=O)c3ccc4c(c3)OCCO4)=C(O)C(=O)N2c2nc3ccc(C)cc3s2)cc1,>2 rings causes RDKit C++ hang - bypassed,train
CHEMBL5992807,O=C(Nc1cccc2c1OCCn1nnnc1-2)c1cc(-n2cnc(C3CC3)c2)c(N2C[C@H]3C[C@@H]2CO3)cn1,Bridgehead atoms cause C++ RDKit hang,train
CHEMBL5767018,O=C(Nc1cccc2c1OCCn1nnnc1-2)c1cc(-n2cnc(C3CC3)c2)c(N2C[C@@H]3C[C@H]2CO3)cn1,Bridgehead atoms cause C++ RDKit hang,train
CHEMBL5858945,Cc1ncc(-c2cc(C(=O)Nc3cccc(-c4nnnn4C(C)C)n3)c(F)cc2C)s1,>2 rings causes RDKit C++ hang - bypassed,train
CHEMBL5771353,CC(C)n1cnnc1-c1cccc(N2Cc3ccc(-c4ccc5c(C(=O)O)cnn5c4)cc3C2=O)n1,>2 rings causes RDKit C++ hang - bypassed,train
CHEMBL5793898,C[C@H](CO)n1nnnc1-c1cccc(NC(=O)c2cc3c(cc2F)CCN(S(=O)(=O)Nc2ccc(F)cc2)C3)n1,>2 rings causes RDKit C++ hang - bypassed,train
CHEMBL5782702,COc1cc2c(cc1C(=O)Nc1cccc(-c3nnnn3[C@H](C)CO)n1)CN(C(=O)C1CCOCC1)CC2,>2 rings causes RDKit C++ hang - bypassed,train
CHEMBL5931390,Cc1cc(F)c(C(=O)Nc2cccc(-c3nnnn3C(C)C)c2)cc1-n1cnc(C2CC2)c1,>2 rings causes RDKit C++ hang - bypassed,train
CHEMBL4861821,CC(C)n1cnnc1-c1ccc2[nH]nc(-c3cccc(-c4cnn(C5CCOCC5)c4)c3)c2c1,>2 rings causes RDKit C++ hang - bypassed,train
CHEMBL5977033,Cc1nc(-c2cc(C(=O)Nc3cccc(-c4nnnn4C(C)C)n3)c(F)cc2C)cs1,>2 rings causes RDKit C++ hang - bypassed,train
CHEMBL5996851,CC(C)n1cnnc1-c1cccc(NC(=O)c2ccc3cc(N4CCOCC4)cnc3c2)n1,>2 rings causes RDKit C++ hang - bypassed,train
CHEMBL6014912,Cc1cc(F)c(C(=O)Nc2cccc(-c3nncn3C(C)C)n2)cc1C1CC1NC(=O)N1CCC(F)(F)C1,>2 rings causes RDKit C++ hang - bypassed,train
CHEMBL5905516,O=C1c2sc(C3CCOCC3)cc2CN1c1cccc(-c2nncn2C2CC2)n1,>2 rings causes RDKit C++ hang - bypassed,train
CHEMBL5954088,Cc1cc(F)c(C(=O)Nc2cccc(-c3nnnn3[C@H]3CCC[C@@H]3O)n2)cc1-c1cnn(C2CC2)c1,>2 rings causes RDKit C++ hang - bypassed,train
CHEMBL5984649,Cc1cc(F)c(C(=O)Nc2cccc(-c3nnnn3[C@@H]3CCC[C@@H]3O)n2)cc1-c1cnn(C2CC2)c1,>2 rings causes RDKit C++ hang - bypassed,train
CHEMBL6020654,CC(C)n1cnnc1-c1cccc(NC(=O)c2ccc3c(c2)CN(C(=O)OCc2ccccc2)C3)n1,>2 rings causes RDKit C++ hang - bypassed,train
CHEMBL5751658,O=C1Nc2cccc(n2)-c2nncn2CCCCCOc2ccc(N3CC4(COC4)C3)cc21,Bridgehead atoms cause C++ RDKit hang,train
CHEMBL6013734,CC(C)n1cnnc1-c1cccc(NC(=O)c2ccc3c(c2)CN(S(=O)(=O)CCC(F)(F)F)C3)n1,>2 rings causes RDKit C++ hang - bypassed,train
CHEMBL5807789,CCN(C)C(=O)N1Cc2ccc(C(=O)Nc3cccc(-c4nncn4C(C)C)n3)cc2C1,>2 rings causes RDKit C++ hang - bypassed,train
CHEMBL5978702,COCCS(=O)(=O)N1Cc2ccc(C(=O)Nc3cccc(-c4nncn4C(C)C)n3)cc2C1,>2 rings causes RDKit C++ hang - bypassed,train
CHEMBL5902772,CCOC(=O)N1Cc2ccc(C(=O)Nc3cccc(-c4nncn4C(C)C)n3)cc2C1,>2 rings causes RDKit C++ hang - bypassed,train
CHEMBL5824756,CC(C)n1cnnc1-c1cccc(NC(=O)c2ccc3c(c2)CNC3)n1,>2 rings causes RDKit C++ hang - bypassed,train
CHEMBL5902962,COc1cc2c(cc1C(=O)Nc1cccc(-c3nncn3C(C)C)n1)CN(c1cncnc1)CC2,>2 rings causes RDKit C++ hang - bypassed,train
CHEMBL5841381,CC(C)n1cnnc1-c1cccc(NC(=O)c2cc(Oc3ccc(C4CC4)cn3)ccc2F)n1,>2 rings causes RDKit C++ hang - bypassed,train
CHEMBL6001549,CC(C)n1cnnc1-c1cccc(NC(=O)c2ccc3ccc(N4CC5(COC5)C4)nc3c2)n1,Spiro atoms cause C++ RDKit hang,train
CHEMBL5209503,C=C(C)[C@@H]1CC[C@]2(C(=O)O)CC[C@]3(C)[C@H](C[C@H]4OC(=O)C[C@@H](O)[C@]5(C)[C@@H]4[C@@]3(C)CC[C@H]5C(=C)C)[C@@H]12,>2 rings causes RDKit C++ hang - bypassed,train
CHEMBL5992654,O=C1CN(C(=O)c2ccc3c(c2)CN(c2cccc(-c4nncn4C4CC4)n2)C3=O)CCN1,>2 rings causes RDKit C++ hang - bypassed,train
CHEMBL5772302,Cc1cc(F)c(C(=O)Nc2cccc(-c3nnnn3[C@H](C)COC(=O)c3ccccc3)n2)cc1-n1cnc(C2CC2)c1,>2 rings causes RDKit C++ hang - bypassed,train
CHEMBL5924433,NCc1cc(Oc2ccnc(C(=O)Nc3cccc(-c4nncn4C4CC4)c3)c2)nc(C(F)(F)F)c1,>2 rings causes RDKit C++ hang - bypassed,train
CHEMBL5915243,Cc1cc2c(cc1-n1cnc(C3CC3)c1)C(=O)N(c1cccc(-c3nnc4n3C3(CC4)CC3)n1)C2,Spiro atoms cause C++ RDKit hang,train
CHEMBL6032066,Cc1cc(F)c(C(=O)Nc2cccc3c2OC[C@@H](C2CC2)n2nnnc2-3)cc1-n1cnc(C2CC2)c1,>2 rings causes RDKit C++ hang - bypassed,train
CHEMBL5914598,Cc1cc(F)c(C(=O)Nc2cccc(-c3nnnn3C(C)C)n2)cc1-c1ccccn1,>2 rings causes RDKit C++ hang - bypassed,train
CHEMBL5556894,Cc1cc(F)c(C(=O)Nc2cccc(-c3nnc4n3CCNC4)n2)cc1-n1cnc(C2CC2)c1,>2 rings causes RDKit C++ hang - bypassed,train
CHEMBL5559492,Cc1cc(F)c(C(=O)Nc2cccc3c2OCCn2nncc2-3)cc1-n1cnc(C2CC2)c1,>2 rings causes RDKit C++ hang - bypassed,train
CHEMBL5912006,CN(C)CCn1cc(-c2cc3c(cc2F)OCC/C=C\Cn2cnnc2-c2cccc(n2)NC3=O)cn1,Bridgehead atoms cause C++ RDKit hang,train
CHEMBL5770472,COCCC(=O)N1CCc2cc(F)c(C(=O)Nc3cccc(-c4nnnn4C(C)C)n3)cc2C1,>2 rings causes RDKit C++ hang - bypassed,train
CHEMBL5805814,CCNC(=O)N1CCc2cc(F)c(C(=O)Nc3cccc(-c4nnnn4C(C)C)n3)cc2C1,>2 rings causes RDKit C++ hang - bypassed,train
CHEMBL6014291,CCOC(=O)N1CCc2cc(F)c(C(=O)Nc3cccc(-c4nnnn4C(C)C)n3)cc2C1,>2 rings causes RDKit C++ hang - bypassed,train
CHEMBL5985744,CC(C)n1nnnc1-c1cccc(NC(=O)c2cc3c(cc2F)CCN(S(=O)(=O)CCC(F)(F)F)C3)n1,>2 rings causes RDKit C++ hang - bypassed,train
CHEMBL5814316,COCCS(=O)(=O)N1CCc2cc(F)c(C(=O)Nc3cccc(-c4nnnn4C(C)C)n3)cc2C1,>2 rings causes RDKit C++ hang - bypassed,train
CHEMBL5944660,CC(C)n1nnnc1-c1cccc(NC(=O)c2cc3c(cc2F)CCNC3)n1,>2 rings causes RDKit C++ hang - bypassed,train
CHEMBL5931865,CC1NCCc2cc(F)c(C(=O)Nc3cccc(-c4nnnn4C(C)C)n3)cc21,>2 rings causes RDKit C++ hang - bypassed,train
CHEMBL5950307,CC1c2cc(C(=O)Nc3cccc(-c4nnnn4C(C)C)n3)c(F)cc2CCN1S(=O)(=O)CCC(F)(F)F,>2 rings causes RDKit C++ hang - bypassed,train
CHEMBL5805282,CC(=O)OC[C@@H](C)n1nnnc1-c1cccc(NC(=O)c2cc3c(cc2F)CCN(C(=O)N(C)CC(F)(F)F)C3)n1,>2 rings causes RDKit C++ hang - bypassed,train
CHEMBL5963324,C[C@H](CO)n1nnnc1-c1cccc(NC(=O)c2cc3c(cc2F)CCN(C(=O)N(C)CC(F)(F)F)C3)n1,>2 rings causes RDKit C++ hang - bypassed,train
CHEMBL5763056,CC(C)n1nnnc1-c1cccc(NC(=O)c2cc3c(cc2F)CCN(C(=O)N(C)CC(F)(F)F)C3)n1,>2 rings causes RDKit C++ hang - bypassed,train
CHEMBL5761022,CC(C)CN(C)C(=O)N1CCc2cc(F)c(C(=O)Nc3cccc(-c4nnnn4C(C)C)n3)cc2C1,>2 rings causes RDKit C++ hang - bypassed,train
CHEMBL5961482,CC(C)N(C)C(=O)N1CCc2cc(F)c(C(=O)Nc3cccc(-c4nnnn4C(C)C)n3)cc2C1,>2 rings causes RDKit C++ hang - bypassed,train
CHEMBL5755488,CC(=O)OC[C@@H](C)n1nnnc1-c1cccc(NC(=O)c2cc3c(cc2F)CCNC3)n1,>2 rings causes RDKit C++ hang - bypassed,train
CHEMBL5757292,C[C@H](CO)n1nnnc1-c1cccc(NC(=O)c2cc3c(cc2F)CCN(S(=O)(=O)CCC(F)(F)F)C3)n1,>2 rings causes RDKit C++ hang - bypassed,train
CHEMBL5813485,CC(=O)OC[C@@H](C)n1nnnc1-c1cccc(NC(=O)c2cc3c(cc2F)CCN(S(=O)(=O)CCC(F)(F)F)C3)n1,>2 rings causes RDKit C++ hang - bypassed,train
CHEMBL5857072,CC(C)CS(=O)(=O)N1CCc2cc(F)c(C(=O)Nc3cccc(-c4nnnn4C(C)C)n3)cc2C1,>2 rings causes RDKit C++ hang - bypassed,train
CHEMBL5929858,CC(C)n1nnnc1-c1cccc(NC(=O)c2cc3c(cc2F)CCN(S(=O)(=O)N(C)C)C3)n1,>2 rings causes RDKit C++ hang - bypassed,train
CHEMBL6061104,CCN(CC)C(=O)N1CCc2cc(F)c(C(=O)Nc3cccc(-c4nnnn4C(C)C)n3)cc2C1,>2 rings causes RDKit C++ hang - bypassed,train
CHEMBL5838802,CCN(C)C(=O)N1CCc2cc(F)c(C(=O)Nc3cccc(-c4nnnn4C(C)C)n3)cc2C1,>2 rings causes RDKit C++ hang - bypassed,train
CHEMBL5832767,CC(C)n1nnnc1-c1cccc(NC(=O)c2cc3c(cc2F)CCN(C(=O)N(C)C)C3)n1,>2 rings causes RDKit C++ hang - bypassed,train
CHEMBL5947013,CC(C)n1nnnc1-c1cccc(NC(=O)c2cc3c(cc2F)CCN(C(=O)N(C)CCC(F)(F)F)C3)n1,>2 rings causes RDKit C++ hang - bypassed,train
CHEMBL5771774,COc1cc2c(cc1C(=O)Nc1cccc(-c3nnnn3C(C)C)n1)CN(C(=O)OC(C)C)CC2,>2 rings causes RDKit C++ hang - bypassed,train
CHEMBL5821833,CCNC(=O)N1CCc2cc(OC)c(C(=O)Nc3cccc(-c4nnnn4C(C)C)n3)cc2C1,>2 rings causes RDKit C++ hang - bypassed,train
CHEMBL5880852,COc1cc2c(cc1C(=O)Nc1cccc(-c3nnnn3C(C)C)n1)CN(C)CC2,>2 rings causes RDKit C++ hang - bypassed,train
CHEMBL5942092,CCOC(=O)N1CCc2cc(OC)c(C(=O)Nc3cccc(-c4nnnn4C(C)C)n3)cc2C1,>2 rings causes RDKit C++ hang - bypassed,train
CHEMBL6010242,COc1cc2c(cc1C(=O)Nc1cccc(-c3nnnn3C(C)C)n1)CN(C(=O)OCC(F)(F)F)CC2,>2 rings causes RDKit C++ hang - bypassed,train
CHEMBL5740217,COc1cc2c(cc1C(=O)Nc1cccc(-c3nnnn3C(C)C)n1)CN(S(=O)(=O)CCC(F)(F)F)CC2,>2 rings causes RDKit C++ hang - bypassed,train
CHEMBL5771773,COc1cc2c(cc1C(=O)Nc1cccc(-c3nnnn3C(C)C)n1)CN(C(=O)C(C)(C)C)CC2,>2 rings causes RDKit C++ hang - bypassed,train
CHEMBL5826865,COc1cc2c(cc1C(=O)Nc1cccc(-c3nnnn3C(C)C)n1)CN(C(C)C)CC2,>2 rings causes RDKit C++ hang - bypassed,train
CHEMBL5824709,COc1cc2c(cc1C(=O)Nc1cccc(-c3nnnn3[C@H](C)CO)n1)CN(C(=O)OC(C)C)CC2,>2 rings causes RDKit C++ hang - bypassed,train
CHEMBL5814064,CCNC(=O)N1CCc2cc(OC)c(C(=O)Nc3cccc(-c4nnnn4[C@H](C)CO)n3)cc2C1,>2 rings causes RDKit C++ hang - bypassed,train
CHEMBL5834855,COc1cc2c(cc1C(=O)Nc1cccc(-c3nnnn3[C@H](C)CO)n1)CN(C)CC2,>2 rings causes RDKit C++ hang - bypassed,train
CHEMBL5831724,COc1cc2c(cc1C(=O)Nc1cccc(-c3nnnn3[C@H](C)CO)n1)CN(C(=O)C(C)(C)CO)CC2,>2 rings causes RDKit C++ hang - bypassed,train
CHEMBL6008063,CCOC(=O)N1CCc2cc(OC)c(C(=O)Nc3cccc(-c4nnnn4[C@H](C)CO)n3)cc2C1,>2 rings causes RDKit C++ hang - bypassed,train
CHEMBL5807701,COc1cc2c(cc1C(=O)Nc1cccc(-c3nnnn3[C@H](C)CO)n1)CN(C(=O)OCC(F)(F)F)CC2,>2 rings causes RDKit C++ hang - bypassed,train
CHEMBL5884829,COc1cc2c(cc1C(=O)Nc1cccc(-c3nnnn3[C@H](C)CO)n1)CN(S(=O)(=O)CCC(F)(F)F)CC2,>2 rings causes RDKit C++ hang - bypassed,train
CHEMBL5823560,COc1cc2c(cc1C(=O)Nc1cccc(-c3nnnn3[C@H](C)CO)n1)CN(C(=O)C(C)(C)C)CC2,>2 rings causes RDKit C++ hang - bypassed,train
CHEMBL5887796,COc1cc2c(cc1C(=O)Nc1cccc(-c3nnnn3[C@H](C)CO)n1)CN(C(C)C)CC2,>2 rings causes RDKit C++ hang - bypassed,train
CHEMBL5891684,COc1cc2c(cc1C(=O)Nc1cccc(-c3nnnn3[C@H](C)CO)n1)CN(C(=O)C[C@H](C)O)CC2,>2 rings causes RDKit C++ hang - bypassed,train
CHEMBL6039708,COCCOC(=O)N1CCc2cc(OC)c(C(=O)Nc3cccc(-c4nnnn4[C@H](C)CO)n3)cc2C1,>2 rings causes RDKit C++ hang - bypassed,train
CHEMBL5899075,COc1cc2c(cc1C(=O)Nc1cccc(-c3nnnn3[C@H](C)CO)n1)CN(C(=O)C(C)(O)C(F)(F)F)CC2,>2 rings causes RDKit C++ hang - bypassed,train
CHEMBL5781924,CCOC(=O)N1CCc2cc(F)c(C(=O)Nc3cccc(-c4nnnn4[C@H](C)CO)n3)cc2C1,>2 rings causes RDKit C++ hang - bypassed,train
CHEMBL5798883,COCCOC(=O)N1CCc2cc(F)c(C(=O)Nc3cccc(-c4nnnn4[C@H](C)CO)n3)cc2C1,>2 rings causes RDKit C++ hang - bypassed,train
CHEMBL5941003,CCNC(=O)N1CCc2cc(F)c(C(=O)Nc3cccc(-c4nnnn4[C@H](C)CO)n3)cc2C1,>2 rings causes RDKit C++ hang - bypassed,train
CHEMBL5923109,COc1cc2c(cc1C(=O)Nc1cccc(-c3nnnn3[C@H](C)CO)n1)CN(C(=O)[C@@H](O)CC(C)C)CC2,>2 rings causes RDKit C++ hang - bypassed,train
CHEMBL5761995,COc1cc2c(cc1C(=O)Nc1cccc(-c3nnnn3[C@H](C)CO)n1)CN(C(=O)C(C)(C)O)CC2,>2 rings causes RDKit C++ hang - bypassed,train
CHEMBL6016913,CCNS(=O)(=O)N1CCc2cc(F)c(C(=O)Nc3cccc(-c4nnnn4[C@H](C)CO)n3)cc2C1,>2 rings causes RDKit C++ hang - bypassed,train
CHEMBL5969142,COCCC(=O)N1CCc2cc(OC)c(C(=O)Nc3cccc(-c4nnnn4[C@H](C)CO)n3)cc2C1,>2 rings causes RDKit C++ hang - bypassed,train
CHEMBL5878565,COc1cc2c(cc1C(=O)Nc1cccc(-c3nnnn3[C@H](C)CO)n1)CN(C(=O)OCC(C)(C)O)CC2,>2 rings causes RDKit C++ hang - bypassed,train
CHEMBL5798420,CCN1CCc2cc(F)c(C(=O)Nc3cccc(-c4nnnn4[C@H](C)CO)n3)cc2C1,>2 rings causes RDKit C++ hang - bypassed,train
CHEMBL5881279,COc1cc2c(cc1C(=O)Nc1cccc(-c3nnnn3[C@H](C)CO)n1)CN(C(=O)OC[C@@H](O)C(F)(F)F)CC2,>2 rings causes RDKit C++ hang - bypassed,train
CHEMBL5757833,CONC(=O)N1CCc2cc(OC)c(C(=O)Nc3cccc(-c4nnnn4[C@H](C)CO)n3)cc2C1,>2 rings causes RDKit C++ hang - bypassed,train
CHEMBL5559120,Cc1cc(F)c(C(=O)Nc2cccc3c2OCCn2cncc2-3)cc1-n1cnc(C2CC2)c1,>2 rings causes RDKit C++ hang - bypassed,train
CHEMBL6017782,Cc1cc(F)c(C(=O)Nc2cccc3c2OC[C@H](C)n2cncc2-3)cc1-n1cnc(C2CC2)c1,>2 rings causes RDKit C++ hang - bypassed,train
CHEMBL5932761,Cc1cc(F)c(C(=O)Nc2cccc3c2OC[C@@H](C)n2cncc2-3)cc1-n1cnc(C2CC2)c1,>2 rings causes RDKit C++ hang - bypassed,train
CHEMBL5931324,Cc1cc(F)c(C(=O)Nc2cccc3c2OCCn2cnc(C)c2-3)cc1-n1cnc(C2CC2)c1,>2 rings causes RDKit C++ hang - bypassed,train
CHEMBL5760060,Cc1cc(F)c(C(=O)Nc2cccc3c2OCCn2cnc(Br)c2-3)cc1-n1cnc(C2CC2)c1,>2 rings causes RDKit C++ hang - bypassed,train
CHEMBL6053975,Cc1cc(F)c(C(=O)Nc2ccnc(C3=NN=NC3)n2)cc1-n1cnc(C2CC2)c1,>2 rings causes RDKit C++ hang - bypassed,train
CHEMBL5412415,Cn1nc(C(F)(F)F)c2cc(C(=O)Nc3cccc(-c4nncn4C4CCCCC4)n3)c(=O)[nH]c21,>2 rings causes RDKit C++ hang - bypassed,train
CHEMBL2205625,Cc1ccc2nc(NC(=O)c3ccc(C(C)(C)C)cc3)sc2c1,>2 rings causes RDKit C++ hang - bypassed,train
CHEMBL5417583,CC(C)n1cnnc1-c1cccc(NC(=O)c2cc3c(C(F)(F)F)nn(C)c3[nH]c2=O)n1,>2 rings causes RDKit C++ hang - bypassed,train
CHEMBL5870770,COc1nc2cc(F)c(C(=O)Nc3cccc(-c4nncn4C(C)C)n3)cc2nc1N1CCCCC1,>2 rings causes RDKit C++ hang - bypassed,train
CHEMBL5828162,COc1nc2ccc(C(=O)Nc3cccc(-c4nncn4C(C)C)n3)cc2nc1N1CCCCC1,>2 rings causes RDKit C++ hang - bypassed,train
CHEMBL6003965,CC(C)Oc1nc2ccc(C(=O)Nc3cccc(-c4nncn4C(C)C)n3)cc2nc1N1CCCCC1,>2 rings causes RDKit C++ hang - bypassed,train
CHEMBL5941923,O=C1Nc2cccc(n2)-c2nncn2C/C=C\COc2ccc(N3CCOCC3)cc21,Bridgehead atoms cause C++ RDKit hang,train
CHEMBL5417817,CC(C)n1cnnc1-c1cccc(NC(=O)c2cc3c(cc2F)CCC(=O)N3)n1,>2 rings causes RDKit C++ hang - bypassed,train
CHEMBL5411752,CC(C)n1cnnc1-c1cccc(NC(=O)c2cc3c(cc2F)CCC(=O)N3C)n1,>2 rings causes RDKit C++ hang - bypassed,train
CHEMBL5411561,CC(C)n1cnnc1-c1cccc(NC(=O)c2cc3c(cc2F)C(C)(C)CC(=O)N3)n1,>2 rings causes RDKit C++ hang - bypassed,train
CHEMBL5401473,CC(C)n1cnnc1-c1cccc(NC(=O)c2cc3c(cc2F)C(C)(C)CC(=O)N3C)n1,>2 rings causes RDKit C++ hang - bypassed,train
CHEMBL4852337,CC(C)n1cnnc1-c1cccc(NC(=O)c2cc3cccc(-c4ccsc4)c3[nH]2)n1,>2 rings causes RDKit C++ hang - bypassed,train
CHEMBL5876961,C[C@H](n1cnnc1-c1nc(N(C(=O)c2ccccn2)N2CC3CCCN3C(n3cnc(C4CC4)c3)C2)cs1)C(F)(F)F,>2 rings causes RDKit C++ hang - bypassed,train
CHEMBL5414169,O=C(Nc1cccc(-c2nncn2C2CC2)n1)c1cc(-c2cccc3[nH]ccc23)cn(Cc2ccccc2F)c1=O,>2 rings causes RDKit C++ hang - bypassed,train
CHEMBL5788238,Cc1cc2c(cc1-n1cnc(C3CC3)c1)C(=O)N(c1cccc(-c3nnc4n3CCCC4)n1)CC2,>2 rings causes RDKit C++ hang - bypassed,train
CHEMBL5880311,Cc1nc(C2CC2)cn1-c1ccc2c(c1)C(=O)N(c1cccc(-c3nnc4n3CCCC4)n1)CC2,>2 rings causes RDKit C++ hang - bypassed,train
CHEMBL5899792,O=C(Nc1cccc(-c2nnc3n2CCCC3)n1)c1cc(-n2cnc(C3CC3)c2)c(-c2cccnc2)cc1F,>2 rings causes RDKit C++ hang - bypassed,train
CHEMBL5782122,CC(C)n1nnnc1-c1cccc(NC(=O)c2ccc3c(c2)CN(C(=O)N2CCCC2)C3)n1,>2 rings causes RDKit C++ hang - bypassed,train
CHEMBL6031940,O=C1c2cc(-c3ccc(-c4nn[nH]n4)cc3)ccc2CN1c1cccc(-c2nncn2C2CC2)n1,>2 rings causes RDKit C++ hang - bypassed,train
CHEMBL3924482,C[C@H](n1cnnc1-c1nc(NC(=O)c2cc(-n3cnc(C4CC4)c3)c(N3CC(N4CCOCC4)C3)cn2)cs1)C(F)(F)F,>2 rings causes RDKit C++ hang - bypassed,train
CHEMBL4868362,COc1nn(C)cc1C(=O)Nc1cccc(-c2nncn2C2(C(F)(F)F)CC2)n1,>2 rings causes RDKit C++ hang - bypassed,train
CHEMBL5866924,CC(C)n1nnnc1-c1cccc(NC(=O)c2cc(-c3cnn(C4CC4)c3)c(N3CCOCC3)cn2)n1,>2 rings causes RDKit C++ hang - bypassed,train
CHEMBL5998150,CC(C)n1nnnc1-c1cccc(NC(=O)c2cc3cc(Br)ccc3cn2)n1,>2 rings causes RDKit C++ hang - bypassed,train
CHEMBL3981026,Cc1cc(F)c(C(=O)Nc2ccccn2)cc1-n1cnc(C2CC2)c1,>2 rings causes RDKit C++ hang - bypassed,train
CHEMBL3683266,C[C@H](n1cnnc1-c1nc(NC(=O)c2cc(-n3cnc(C4CC4)c3)c(N3CCCC3)cn2)cs1)C(F)(F)F,>2 rings causes RDKit C++ hang - bypassed,train
CHEMBL3683269,C[C@H](n1cnnc1-c1nc(NC(=O)c2cc(-n3cnc(C4CC4)c3)c(N3CCC(O)C3)cn2)cs1)C(F)(F)F,>2 rings causes RDKit C++ hang - bypassed,train
CHEMBL3961734,C[C@H](n1cnnc1-c1nc(NC(=O)c2cc(-n3cnc(C4CC4)c3)c(N3CCC(F)(F)C3)cn2)cs1)C(F)(F)F,>2 rings causes RDKit C++ hang - bypassed,train
CHEMBL3909615,COC1CCN(c2cnc(C(=O)Nc3csc(-c4nncn4[C@@H](C)C(F)(F)F)n3)cc2-n2cnc(C3CC3)c2)C1,>2 rings causes RDKit C++ hang - bypassed,train
CHEMBL6065657,CC(n1cnnc1-c1nc(NC(=O)c2cc(-n3cnc(C4CC4)c3)c(N3CCCC3)cn2)cs1)C(F)(F)F,>2 rings causes RDKit C++ hang - bypassed,train
CHEMBL3946139,CC(C)n1cnnc1-c1cccc(N2Cc3ccc(OC[C@@H]4CN(C)CCO4)cc3C2=O)n1,>2 rings causes RDKit C++ hang - bypassed,train
CHEMBL5946140,O=C1c2cc(-n3cc(C4CC4)nn3)ccc2CN1c1cccc(-c2nncn2C2CC2)n1,>2 rings causes RDKit C++ hang - bypassed,train
CHEMBL6031870,O=C1Nc2cccc(n2)-c2nncn2CCCCOc2ccc(-c3cnn(C4COC4)c3)cc21,Bridgehead atoms cause C++ RDKit hang,train
CHEMBL5954808,CN1CCN(c2ccc3c(c2)OCCCCn2cnnc2-c2cccc(n2)NC3=O)CC1,Bridgehead atoms cause C++ RDKit hang,train
CHEMBL5740664,C[C@H]1CN(C)CCN1c1ccc2c(c1)OCCCCn1cnnc1-c1cccc(n1)NC2=O,Bridgehead atoms cause C++ RDKit hang,train
CHEMBL6062260,C[C@@H]1CN(C)CCN1c1ccc2c(c1)OCCCCn1cnnc1-c1cccc(n1)NC2=O,Bridgehead atoms cause C++ RDKit hang,train
CHEMBL5794732,C[C@H]1CCCOc2cc(N3CCN(C)CC3)ccc2C(=O)Nc2cccc(n2)-c2nncn21,Bridgehead atoms cause C++ RDKit hang,train
CHEMBL5742463,C[C@@H]1CCCOc2cc(N3CCN(C)CC3)ccc2C(=O)Nc2cccc(n2)-c2nncn21,Bridgehead atoms cause C++ RDKit hang,train
CHEMBL4740051,CC(C)n1cnnc1-c1cccc(NC(=O)Nc2cc3ccccn3n2)n1,>2 rings causes RDKit C++ hang - bypassed,train
CHEMBL4792109,CC(C)n1cnnc1-c1cccc(N(C)C(=O)N(C)c2cc3ccccn3n2)n1,>2 rings causes RDKit C++ hang - bypassed,train
CHEMBL4796925,C[C@H](CO)n1cnnc1-c1cccc(NC(=O)Nc2cc3ccccn3n2)n1,>2 rings causes RDKit C++ hang - bypassed,train
CHEMBL5963884,Cc1cc(F)c(C(=O)Nc2cccc(-n3nnnc3C(C)C)n2)cc1-c1ccn(C(C)C)n1,>2 rings causes RDKit C++ hang - bypassed,train
CHEMBL6043703,COc1cc(C)c(-c2ccn(C(C)C)n2)cc1C(=O)Nc1cccc(-n2nnnc2C(C)C)n1,>2 rings causes RDKit C++ hang - bypassed,train
CHEMBL5871404,COc1cc2c(cc1C(=O)Nc1cccc(-c3nnnn3[C@H](C)CO)n1)CN(C(=O)c1cnn(C3CC3)c1)CC2,>2 rings causes RDKit C++ hang - bypassed,train
CHEMBL5844965,CC(C)n1cnnc1-c1cccc(NC(=O)c2cccc(OCc3ccccc3)c2)n1,>2 rings causes RDKit C++ hang - bypassed,train
CHEMBL5836643,O=C1c2cc(-c3cnc(C4CC4)cn3)ccc2CN1c1cccc(-c2nncn2C2CC2)n1,>2 rings causes RDKit C++ hang - bypassed,train
CHEMBL5947974,CC(C)n1cnnc1-c1cccc(NC(=O)c2ccc3ccc(N4CCCCC4)nc3c2)n1,>2 rings causes RDKit C++ hang - bypassed,train
CHEMBL5859947,CC(C)N1Cc2cnc(C(=O)Nc3cccc(-c4nncn4C(C)C)n3)cc2C1=O,>2 rings causes RDKit C++ hang - bypassed,train
CHEMBL4214195,CC(C)(C)C(=O)N(c1ccccc1)c1cccc(Nc2ncc3cc(-c4cn[nH]c4)ccc3n2)c1,>2 rings causes RDKit C++ hang - bypassed,train
CHEMBL5963556,O=C(Nc1cccc2c1OCCn1nnnc1-2)c1cc(-n2cnc(C3CC3)c2)c(N2CCC2)cn1,>2 rings causes RDKit C++ hang - bypassed,train
CHEMBL5767284,CC1(O)CN(c2cnc(C(=O)Nc3cccc4c3OCCn3nnnc3-4)cc2-n2cnc(C3CC3)c2)C1,>2 rings causes RDKit C++ hang - bypassed,train
CHEMBL388978,CN[C@@H]1C[C@H]2O[C@@](C)([C@@H]1OC)n1c3ccccc3c3c4c(c5c6ccccc6n2c5c31)C(=O)NC4,Bridgehead atoms cause C++ RDKit hang,train
CHEMBL3683258,CN[C@@H]1CC2OC([C@@H]1OC)n1c3ccccc3c3c4c(c5c6ccccc6n2c5c31)C(=O)NC4,Bridgehead atoms cause C++ RDKit hang,train
CHEMBL4277459,CC(=O)N[C@H]1C[C@H]2O[C@@](C)([C@@H]1O)n1c3ccccc3c3c4c(c5c6ccccc6n2c5c31)C(=O)NC4,Bridgehead atoms cause C++ RDKit hang,train
CHEMBL1980995,CNC1CC2OC(C)(C1OC)n1c3ccccc3c3c4c(c5c6ccccc6n2c5c31)C(=O)NC4,Bridgehead atoms cause C++ RDKit hang,train
CHEMBL5765961,Cc1cc(F)c(C(=O)Nc2cccc(-c3nnnn3C(C)C)n2)cc1-c1cnn(C2CC2)c1,>2 rings causes RDKit C++ hang - bypassed,train
CHEMBL5748474,Cc1cc(F)c(C(=O)Nc2cccc(-c3nnnn3[C@H](C)CO)n2)cc1-c1cnn(C2CC2)c1,>2 rings causes RDKit C++ hang - bypassed,train
CHEMBL5913596,COc1cc(C)c(-c2cnn(C3CC3)c2)cc1C(=O)Nc1cccc(-c2nnnn2C(C)C)n1,>2 rings causes RDKit C++ hang - bypassed,train
CHEMBL5875669,COc1cc(C)c(-c2cnn(C3CC3)c2)cc1C(=O)Nc1cccc(-c2nnnn2[C@H](C)CO)n1,>2 rings causes RDKit C++ hang - bypassed,train
CHEMBL5896226,CCN1CCN(c2ccc3c(c2)C(=O)Nc2cccc(n2)-c2nncn2CCCCO3)CC1,Bridgehead atoms cause C++ RDKit hang,train
CHEMBL5921459,CN1CCN(c2cc3c(cc2F)OCCCCn2cnnc2-c2cccc(n2)NC3=O)CC1,Bridgehead atoms cause C++ RDKit hang,train
CHEMBL5844282,C[C@H]1CCCn2cnnc2-c2cccc(n2)NC(=O)c2cc(N3CCN(C)CC3)ccc2O1,Bridgehead atoms cause C++ RDKit hang,train
CHEMBL5801268,C[C@@H]1CCCn2cnnc2-c2cccc(n2)NC(=O)c2cc(N3CCN(C)CC3)ccc2O1,Bridgehead atoms cause C++ RDKit hang,train
CHEMBL5956807,CC(C)c1nnnn1-c1cccc(N2Cc3ccc(-c4cccnc4)cc3C2=O)n1,>2 rings causes RDKit C++ hang - bypassed,train
CHEMBL5789834,Cc1ncccc1-c1ccc2c(c1)C(=O)N(c1cccc(-n3nnnc3C(C)C)n1)C2,>2 rings causes RDKit C++ hang - bypassed,train
CHEMBL6051833,Cc1ccncc1-c1ccc2c(c1)C(=O)N(c1cccc(-n3nnnc3C(C)C)n1)C2,>2 rings causes RDKit C++ hang - bypassed,train
CHEMBL5754734,Cc1cc(F)c(C(=O)Nc2cccc(-n3nnnc3C(C)C)n2)cc1-c1cn(C(C)C)cn1,>2 rings causes RDKit C++ hang - bypassed,train
CHEMBL4878217,CC(C)n1cnnc1-c1ccc2[nH]nc(-c3cccc(C(=O)NC4CC4)c3)c2c1,>2 rings causes RDKit C++ hang - bypassed,train
CHEMBL5532134,CC(C)n1cnnc1-c1nc(NC(=O)c2cc3c(cc2F)CCCc2nc(C4CC4)cn2-3)cs1,>2 rings causes RDKit C++ hang - bypassed,train
CHEMBL3687974,CN1CCN(c2cnc(C(=O)Nc3csc(-c4nncn4C4CC4)n3)cc2-n2cnc(C3CC3)c2)CC1,>2 rings causes RDKit C++ hang - bypassed,train
CHEMBL3953443,O=C(Nc1csc(-c2nncn2C2CC2)n1)c1cc(-n2cnc(C3CC3)c2)c(N2CCN(CC(F)(F)F)CC2)cn1,>2 rings causes RDKit C++ hang - bypassed,train
CHEMBL2349219,O=C(O)CCCCCN1C(=O)/C(=C/c2ccc(-c3cccc(C(F)(F)F)c3)o2)SC1=S,>2 rings causes RDKit C++ hang - bypassed,train
CHEMBL2349218,CCCC(C(=O)O)N1C(=O)/C(=C/c2ccc(-c3ccc([N+](=O)[O-])cc3)o2)SC1=S,>2 rings causes RDKit C++ hang - bypassed,train
CHEMBL2349216,CCc1ccc(-c2ccc(/C=C3\SC(=S)N(C(CC(=O)O)C(=O)O)C3=O)o2)cc1,>2 rings causes RDKit C++ hang - bypassed,train
CHEMBL2349214,COc1ccc(-c2ccc(/C=C3\SC(=S)N(CC(C)=O)C3=O)o2)cc1,>2 rings causes RDKit C++ hang - bypassed,train
CHEMBL2349221,COC(=O)CCCN1C(=O)/C(=C/c2ccc(-c3ccccc3F)o2)SC1=S,>2 rings causes RDKit C++ hang - bypassed,train
CHEMBL2349213,O=C(O)CCCN1C(=O)/C(=C/c2ccc(-c3ccccc3F)o2)SC1=S,>2 rings causes RDKit C++ hang - bypassed,train
CHEMBL2349212,O=C(O)CCN1C(=O)/C(=C/c2ccc(-c3ccccc3F)o2)SC1=S,>2 rings causes RDKit C++ hang - bypassed,train
CHEMBL2349211,O=C(O)CN1C(=O)/C(=C/c2ccc(-c3ccccc3F)o2)SC1=S,>2 rings causes RDKit C++ hang - bypassed,train
CHEMBL2349209,O=C(O)CC(C(=O)O)N1C(=O)/C(=C/c2ccc(-c3ccc(Br)cc3)o2)SC1=S,>2 rings causes RDKit C++ hang - bypassed,train
CHEMBL2349208,CCCC(C(=O)O)N1C(=O)/C(=C/c2ccc(-c3ccc(Br)cc3)o2)SC1=S,>2 rings causes RDKit C++ hang - bypassed,train
CHEMBL2349207,CCC(C(=O)O)N1C(=O)/C(=C/c2ccc(-c3ccc(Br)cc3)o2)SC1=S,>2 rings causes RDKit C++ hang - bypassed,train
CHEMBL2349206,O=C(O)CCCCCN1C(=O)/C(=C/c2ccc(-c3ccc(Br)cc3)o2)SC1=S,>2 rings causes RDKit C++ hang - bypassed,train
CHEMBL2349220,COC(=O)CCCN1C(=O)/C(=C/c2ccc(-c3ccc(Br)cc3)o2)SC1=S,>2 rings causes RDKit C++ hang - bypassed,train
CHEMBL2349205,O=C(O)CCCN1C(=O)/C(=C/c2ccc(-c3ccc(Br)cc3)o2)SC1=S,>2 rings causes RDKit C++ hang - bypassed,train
CHEMBL2349203,CSCCC(C(=O)O)N1C(=O)/C(=C/c2ccc(-c3ccc(Cl)c(Cl)c3)o2)SC1=S,>2 rings causes RDKit C++ hang - bypassed,train
CHEMBL2349202,CCCC(C(=O)O)N1C(=O)/C(=C/c2ccc(-c3ccc(Cl)c(Cl)c3)o2)SC1=S,>2 rings causes RDKit C++ hang - bypassed,train
CHEMBL2349201,O=C(O)CC(C(=O)O)N1C(=O)/C(=C/c2ccc(-c3c(Cl)cccc3Cl)o2)SC1=S,>2 rings causes RDKit C++ hang - bypassed,train
CHEMBL2348839,O=C(O)CCCN1C(=O)/C(=C/c2ccc(-c3c(Cl)cccc3Cl)o2)SC1=S,>2 rings causes RDKit C++ hang - bypassed,train
CHEMBL2346710,CC(C(=O)O)N1C(=O)/C(=C/c2ccc(-c3ccc(Cl)c(Cl)c3)o2)SC1=S,>2 rings causes RDKit C++ hang - bypassed,train
CHEMBL2348838,CCC(C(=O)O)N1C(=O)/C(=C/c2ccc(-c3cc(Cl)ccc3Cl)o2)SC1=S,>2 rings causes RDKit C++ hang - bypassed,train
CHEMBL2348837,O=C(O)CCCN1C(=O)/C(=C/c2ccc(-c3cc(Cl)ccc3Cl)o2)SC1=S,>2 rings causes RDKit C++ hang - bypassed,train
CHEMBL2348836,CCC(C(=O)O)N1C(=O)/C(=C/c2ccc(-c3cccc(Cl)c3)o2)SC1=S,>2 rings causes RDKit C++ hang - bypassed,train
CHEMBL1688850,O=C(O)CCCN1C(=O)/C(=C/c2ccc(-c3cccc(Cl)c3)o2)SC1=S,>2 rings causes RDKit C++ hang - bypassed,train
CHEMBL2348835,O=C(O)CCN1C(=O)/C(=C/c2ccc(-c3cccc(Cl)c3)o2)SC1=S,>2 rings causes RDKit C++ hang - bypassed,train
CHEMBL2348834,O=C(O)CCCCCN1C(=O)/C(=C/c2ccc(-c3ccccc3Cl)o2)SC1=S,>2 rings causes RDKit C++ hang - bypassed,train
CHEMBL2348833,O=C(O)CCCN1C(=O)/C(=C/c2ccc(-c3ccccc3Cl)o2)SC1=S,>2 rings causes RDKit C++ hang - bypassed,train
CHEMBL2348832,O=C(O)CCN1C(=O)/C(=C/c2ccc(-c3ccccc3Cl)o2)SC1=S,>2 rings causes RDKit C++ hang - bypassed,train
CHEMBL2348831,O=C(O)CN1C(=O)/C(=C/c2ccc(-c3ccccc3Cl)o2)SC1=S,>2 rings causes RDKit C++ hang - bypassed,train
CHEMBL6042193,CC(C)n1cnnc1-c1cccc(NC(=O)c2cc(NC(=O)c3ncccn3)ccc2F)n1,>2 rings causes RDKit C++ hang - bypassed,train
CHEMBL3963748,O=C(Nc1csc(-c2nncn2C2CC2)n1)c1cc(-n2cnc(C3CC3)c2)c(N2CCN3C(=O)OCC3C2)cn1,>2 rings causes RDKit C++ hang - bypassed,train
CHEMBL5995892,O=C1c2sc3ccccc3c2CN1c1cccc(-c2nncn2C2CC2)n1,>2 rings causes RDKit C++ hang - bypassed,train
CHEMBL4873038,CC(C)n1cnnc1-c1cccc(NC(=O)c2cc3ccc(-c4cccnc4)cc3[nH]2)n1,>2 rings causes RDKit C++ hang - bypassed,train
CHEMBL4749551,CC(C)n1cnnc1-c1cccc(NC(=O)Nc2cc3ccccc3cn2)n1,>2 rings causes RDKit C++ hang - bypassed,train
CHEMBL5886893,CC(C)n1cnnc1-c1cccc(N2Cc3ccc(-c4ccc5ncc(C(=O)O)n5c4)cc3C2=O)n1,>2 rings causes RDKit C++ hang - bypassed,train
CHEMBL5841486,CC(C)n1cnnc1-c1cccc(N2Cc3ccc(-c4ccc(C5(C(=O)O)CC5)cc4)cc3C2=O)n1,>2 rings causes RDKit C++ hang - bypassed,train
CHEMBL5762088,Cn1cc(-c2ccc3c(c2)OCCCCn2cnnc2-c2cccc(n2)NC3=O)cn1,Bridgehead atoms cause C++ RDKit hang,train
CHEMBL5560406,CC(C)n1cnnc1-c1cccc(NC(=O)c2cc(-n3cnc(C4CC4)c3)ccn2)c1,>2 rings causes RDKit C++ hang - bypassed,train
CHEMBL6030717,C[C@H](CO)n1nnnc1-c1cccc(NC(=O)c2cc3c(cn2)CCN(C(=O)C2CCC2)C3)n1,>2 rings causes RDKit C++ hang - bypassed,train
CHEMBL6039537,O=C(c1ccc2c(c1)CN(c1cccc(-c3nncn3C3CC3)n1)C2=O)N1CCOCC1,>2 rings causes RDKit C++ hang - bypassed,train
CHEMBL6003554,O=C1Nc2cccc(n2)-c2nncn2CCCCOc2ccc(C(=O)N3CCCC3)cc21,Bridgehead atoms cause C++ RDKit hang,train
CHEMBL6007677,CC(C)n1nnnc1-c1cccc(NC(=O)c2cc(-n3cnc(C4CC4)c3)c(F)cn2)n1,>2 rings causes RDKit C++ hang - bypassed,train
CHEMBL5880103,Cc1cnc(C(=O)Nc2cccc(-c3nnnn3C(C)C)n2)cc1-n1cnc(C2CC2)c1,>2 rings causes RDKit C++ hang - bypassed,train
CHEMBL6049835,Cc1cnc(C(=O)Nc2cccc(-c3nnnn3[C@H](C)CO)n2)cc1-n1cnc(C2CC2)c1,>2 rings causes RDKit C++ hang - bypassed,train
CHEMBL5955292,CC(C)n1nnnc1-c1cccc(NC(=O)c2cc(-n3cnc(C4CC4)c3)c(C(F)F)cn2)n1,>2 rings causes RDKit C++ hang - bypassed,train
CHEMBL6001900,CC(CO)n1nnnc1-c1cccc(NC(=O)c2cc(-n3cnc(C4CC4)c3)c(C(F)F)cn2)n1,>2 rings causes RDKit C++ hang - bypassed,train
CHEMBL5946728,CC(C)n1nnnc1-c1cccc(NC(=O)c2cc(-n3cnc(C4CC4)c3)c(C(F)(F)F)cn2)n1,>2 rings causes RDKit C++ hang - bypassed,train
CHEMBL5756196,CC(CO)n1nnnc1-c1cccc(NC(=O)c2cc(-n3cnc(C4CC4)c3)c(C(F)(F)F)cn2)n1,>2 rings causes RDKit C++ hang - bypassed,train
CHEMBL5560866,Cc1cc(F)c(C(=O)Nc2cccc(-c3nnc4n3CCCCC4)n2)cc1-n1cnc(C2CC2)c1,>2 rings causes RDKit C++ hang - bypassed,train
CHEMBL5561929,COc1cc2nccc(Oc3ccc(NC(=O)c4cn(C(C)C)c5c(c4=O)CCC=C5)cc3)c2cc1OC,>2 rings causes RDKit C++ hang - bypassed,train
CHEMBL3644037,CCn1cc(Br)c2cnc(NC(=O)c3ccc(C(C)(C)O)cc3)cc21,>2 rings causes RDKit C++ hang - bypassed,train
CHEMBL3644038,CCn1cc(C)c2cnc(NC(=O)c3ccc(C(C)(C)O)cc3)cc21,>2 rings causes RDKit C++ hang - bypassed,train
CHEMBL3894807,CCn1ccc2cnc(NC(=O)c3ccc([C@@](C)(O)CO)cc3)cc21,>2 rings causes RDKit C++ hang - bypassed,train
CHEMBL3955000,CCn1cc(Cl)c2cnc(NC(=O)c3ccc([C@@](C)(O)CO)cc3)cc21,>2 rings causes RDKit C++ hang - bypassed,train
CHEMBL3644041,Cn1cc(Br)c2cnc(NC(=O)c3ccc(C(C)(C)O)cc3)cc21,>2 rings causes RDKit C++ hang - bypassed,train
CHEMBL3916273,Cn1cc(Br)c2cnc(NC(=O)c3ccc([C@@](C)(O)CO)cc3)cc21,>2 rings causes RDKit C++ hang - bypassed,train
CHEMBL3910870,CCn1cc(C)c2cnc(NC(=O)c3ccc([C@@](C)(O)CO)cc3)cc21,>2 rings causes RDKit C++ hang - bypassed,train
CHEMBL3937743,CCn1cc(Br)c2cnc(NC(=O)c3ccc([C@@](C)(O)CO)cc3)cc21,>2 rings causes RDKit C++ hang - bypassed,train
CHEMBL3644050,Cn1cc(Cl)c2cnc(NC(=O)c3ccc(C(C)(C)O)cc3)cc21,>2 rings causes RDKit C++ hang - bypassed,train
CHEMBL3644051,Cn1c(Cl)c(Cl)c2cnc(NC(=O)c3ccc(C(C)(C)O)cc3)cc21,>2 rings causes RDKit C++ hang - bypassed,train
CHEMBL3963789,CCn1cc(Cl)c2cnc(NC(=O)c3ccc([C@](C)(O)CO)cc3)cc21,>2 rings causes RDKit C++ hang - bypassed,train
CHEMBL3644047,CC(C)(O)c1ccc(C(=O)Nc2cc3c(ccn3CS(C)(=O)=O)cn2)cc1,>2 rings causes RDKit C++ hang - bypassed,train
CHEMBL3890514,CCn1ccc2cnc(NC(=O)c3ccc([C@@](C)(O)CO)c(C)c3)cc21,>2 rings causes RDKit C++ hang - bypassed,train
CHEMBL3927617,Cn1cc(Cl)c2cnc(NC(=O)c3ccc([C@](C)(O)CO)cc3)cc21,>2 rings causes RDKit C++ hang - bypassed,train
CHEMBL3966379,Cn1cc(Cl)c2cnc(NC(=O)c3ccc([C@@](C)(O)CO)cc3)cc21,>2 rings causes RDKit C++ hang - bypassed,train
CHEMBL3936587,Cn1c(Cl)c(Cl)c2cnc(NC(=O)c3ccc([C@@](C)(O)CO)cc3)cc21,>2 rings causes RDKit C++ hang - bypassed,train
CHEMBL3974873,CCn1cc(Cl)c2cnc(NC(=O)c3ccc([C@@](C)(O)CO)c(C)c3)cc21,>2 rings causes RDKit C++ hang - bypassed,train
CHEMBL6015943,CC(C)n1nnnc1-c1cccc(NC(=O)c2cc3c(cc2F)CCN(C(=O)C2CCCC2)C3)n1,>2 rings causes RDKit C++ hang - bypassed,train
CHEMBL5957194,C[C@@H]1COc2c(NC(=O)c3cc(-n4cnc(C5CC5)c4)c(N4CCOCC4)cn3)cccc2-c2nnnn21,>2 rings causes RDKit C++ hang - bypassed,train
CHEMBL5777639,O=C(Nc1cccc2c1OCCn1nnnc1-2)c1cc(-n2cnc(C3CC3)c2)c(N2CCOCC2)cn1,>2 rings causes RDKit C++ hang - bypassed,train
CHEMBL5895109,C[C@H]1COc2c(NC(=O)c3cc(-n4cnc(C5CC5)c4)c(N4CCOCC4)cn3)cccc2-c2nnnn21,>2 rings causes RDKit C++ hang - bypassed,train
CHEMBL6039009,CC1(C)COc2c(NC(=O)c3cc(-n4cnc(C5CC5)c4)c(N4CCOCC4)cn3)cccc2-c2nnnn21,>2 rings causes RDKit C++ hang - bypassed,train
CHEMBL6036840,C[C@@H]1CN(c2cnc(C(=O)Nc3cccc4c3OCCn3nnnc3-4)cc2-n2cnc(C3CC3)c2)CCO1,>2 rings causes RDKit C++ hang - bypassed,train
CHEMBL5769915,C[C@H]1COCCN1c1cnc(C(=O)Nc2cccc3c2OCCn2nnnc2-3)cc1-n1cnc(C2CC2)c1,>2 rings causes RDKit C++ hang - bypassed,train
CHEMBL5825771,C[C@H]1CN(c2cnc(C(=O)Nc3cccc4c3OCCn3nnnc3-4)cc2-n2cnc(C3CC3)c2)CCO1,>2 rings causes RDKit C++ hang - bypassed,train
CHEMBL5811386,C[C@@H]1COCCN1c1cnc(C(=O)Nc2cccc3c2OCCn2nnnc2-3)cc1-n1cnc(C2CC2)c1,>2 rings causes RDKit C++ hang - bypassed,train
CHEMBL5981430,C[C@@H]1CN(c2cnc(C(=O)Nc3cccc4c3OC[C@@H](C)n3nnnc3-4)cc2-n2cnc(C3CC3)c2)CCO1,>2 rings causes RDKit C++ hang - bypassed,train
CHEMBL6023614,C[C@@H]1CN(c2cnc(C(=O)Nc3cccc4c3OC[C@H](C)n3nnnc3-4)cc2-n2cnc(C3CC3)c2)CCO1,>2 rings causes RDKit C++ hang - bypassed,train
CHEMBL5763995,Cc1cnc(C(=O)Nc2cccc(-c3nnnn3C(C)C)n2)cc1-c1cnn(C(C)(C)C)c1,>2 rings causes RDKit C++ hang - bypassed,train
CHEMBL5832776,Cc1cnc(C(=O)Nc2cccc(-c3nnnn3[C@H](C)CO)n2)cc1-c1cnn(C(C)(C)C)c1,>2 rings causes RDKit C++ hang - bypassed,train
CHEMBL6004597,Cc1cnc(C(=O)Nc2cccc(-c3nnnn3C(C)C)n2)cc1-c1cnn(C(C)C)c1,>2 rings causes RDKit C++ hang - bypassed,train
CHEMBL5868789,Cc1cnc(C(=O)Nc2cccc(-c3nnnn3[C@H](C)CO)n2)cc1-c1cnn(C(C)C)c1,>2 rings causes RDKit C++ hang - bypassed,train
CHEMBL5784220,Cc1cnc(C(=O)Nc2cccc(-c3nnnn3C(C)C)n2)cc1-c1cnn(C(F)(F)F)c1,>2 rings causes RDKit C++ hang - bypassed,train
CHEMBL5996954,Cc1cnc(C(=O)Nc2cccc(-c3nnnn3[C@H](C)CO)n2)cc1-c1cnn(C(F)(F)F)c1,>2 rings causes RDKit C++ hang - bypassed,train
CHEMBL4751836,CC(C)n1cnnc1-c1cccc(NC(=O)Oc2ccccc2)n1,>2 rings causes RDKit C++ hang - bypassed,train
CHEMBL4073198,COCCn1cc(NC(=O)c2csc(-c3nncn3C(C)C)n2)cn1,>2 rings causes RDKit C++ hang - bypassed,train
CHEMBL4084596,CCn1cc(NC(=O)c2csc(-c3nncn3C(C)C)n2)cn1,>2 rings causes RDKit C++ hang - bypassed,train
CHEMBL5931660,CC(C)n1cnnc1-c1cccc(NC(=O)c2cc3ccccc3cn2)n1,>2 rings causes RDKit C++ hang - bypassed,train
CHEMBL6057920,CC(C)n1cnnc1-c1cccc(NC(=O)c2cc3cc(Br)ccc3cn2)n1,>2 rings causes RDKit C++ hang - bypassed,train
CHEMBL6021459,CC(C)n1cnnc1-c1cccc(N2CCN(CCc3cccnc3)C2=O)n1,>2 rings causes RDKit C++ hang - bypassed,train
CHEMBL6003576,Cc1ccc(CCN2CCN(c3cccc(-c4nncn4C(C)C)n3)C2=O)cn1,>2 rings causes RDKit C++ hang - bypassed,train
CHEMBL4860121,CC(C)n1cnnc1-c1ccc2[nH]nc(-c3cccc(C(=O)Nc4cnn(C)c4)c3)c2c1,>2 rings causes RDKit C++ hang - bypassed,train
CHEMBL5555200,CC(C)n1cnnc1-c1cccc(NC(=S)Nc2ccccn2)n1,>2 rings causes RDKit C++ hang - bypassed,train
CHEMBL5407513,Cn1nc(C(F)(F)F)c2cc(C(=O)Nc3cccc(-c4nncn4C4CC4)n3)c(=O)[nH]c21,>2 rings causes RDKit C++ hang - bypassed,train
CHEMBL4753312,CC(C)n1cnnc1-c1cccc(NC(=O)Nc2ccc(-c3cnn(C)c3)cn2)n1,>2 rings causes RDKit C++ hang - bypassed,train
CHEMBL5755245,CC(C)n1cnnc1-c1cccc(NC(=O)c2cc3c(cn2)CCN(S(=O)(=O)C2CC2)C3)n1,>2 rings causes RDKit C++ hang - bypassed,train
CHEMBL6036545,C[C@H](CO)n1cnnc1-c1cccc(NC(=O)c2cc3c(cn2)CCN(S(=O)(=O)C2CC2)C3)n1,>2 rings causes RDKit C++ hang - bypassed,train
CHEMBL4879378,CC(C)n1cnnc1-c1cccc(NC(=O)c2cc3ccc(-c4cn[nH]c4)cc3[nH]2)n1,>2 rings causes RDKit C++ hang - bypassed,train
CHEMBL5855867,CC(C)n1nnnc1-c1cccc(NC(=O)c2cc(-c3cnn(C4CC4)c3)c(N3CCCC3)cn2)n1,>2 rings causes RDKit C++ hang - bypassed,train
CHEMBL6061911,COc1cc2c(cc1C(=O)Nc1cccc(-c3nnnn3[C@H](C)CO)n1)CN(C(=O)[C@@H]1CCOC1)CC2,>2 rings causes RDKit C++ hang - bypassed,train
CHEMBL4866123,COCn1cc(-c2cccc(-c3n[nH]c4ccc(-c5nncn5C(C)C)cc34)c2)cn1,>2 rings causes RDKit C++ hang - bypassed,train
CHEMBL4855899,CCOC(C)n1cc(-c2cccc(-c3n[nH]c4ccc(-c5nncn5C(C)C)cc34)c2)cn1,>2 rings causes RDKit C++ hang - bypassed,train
CHEMBL4861117,CC(C)n1cnnc1-c1ccc2[nH]nc(-c3cccc(-c4cnn(C)c4)c3)c2c1,>2 rings causes RDKit C++ hang - bypassed,train
CHEMBL5744064,COc1cc2c(cc1C(=O)Nc1cccc(-c3nnnn3C(C)C)n1)CN(C(=O)c1ccc(F)cc1)CC2,>2 rings causes RDKit C++ hang - bypassed,train
CHEMBL5817571,COc1cc2c(cc1C(=O)Nc1cccc(-c3nnnn3[C@H](C)CO)n1)CN(C(=O)c1ccc(F)cc1)CC2,>2 rings causes RDKit C++ hang - bypassed,train
CHEMBL5559867,Cc1ccc(-c2cnc(-c3cccc(-c4nncn4C(C)C)n3)o2)c(F)c1,>2 rings causes RDKit C++ hang - bypassed,train
CHEMBL4747851,CC(C)n1cnnc1-c1cccc(NC(=O)Nc2ccnc3ccccc23)n1,>2 rings causes RDKit C++ hang - bypassed,train
CHEMBL3644035,CC(C)(O)c1ccc(C(=O)Nc2cc3c(ccn3CC3CC3)cn2)cc1,>2 rings causes RDKit C++ hang - bypassed,train
CHEMBL3644036,CC(C)(O)c1ccc(C(=O)Nc2cc3c(cn2)c(Br)cn3CC2CC2)cc1,>2 rings causes RDKit C++ hang - bypassed,train
CHEMBL3683261,C[C@H](n1cnnc1-c1nc(NC(=O)c2cc(-n3cnc(C4CC4)c3)c(N3CCOCC3)cn2)cs1)C(F)(F)F,>2 rings causes RDKit C++ hang - bypassed,train
CHEMBL5981231,CC(n1cnnc1-c1nc(NC(=O)c2cc(-n3cnc(C4CC4)c3)c(N3CCOCC3)cn2)cs1)C(F)(F)F,>2 rings causes RDKit C++ hang - bypassed,train
CHEMBL5560126,Cc1cc(F)c(C(=O)Nc2cccc(-c3nnc4n3CCCC4)n2)cc1-n1cnc(C2CC2)n1,>2 rings causes RDKit C++ hang - bypassed,train
CHEMBL6055751,CC(C)n1nnnc1-c1cccc(NC(=O)c2cc3c(cc2F)CCN(C(=O)OCc2ccccc2)C3)n1,>2 rings causes RDKit C++ hang - bypassed,train
CHEMBL6053736,CC1c2cc(C(=O)Nc3cccc(-c4nnnn4C(C)C)n3)c(F)cc2CCN1C(=O)OCc1ccccc1,>2 rings causes RDKit C++ hang - bypassed,train
CHEMBL5942737,CC(=O)OC[C@@H](C)n1nnnc1-c1cccc(NC(=O)c2cc3c(cc2F)CCN(C(=O)OCc2ccccc2)C3)n1,>2 rings causes RDKit C++ hang - bypassed,train
CHEMBL5780315,COc1cc2c(cc1C(=O)Nc1cccc(-c3nnnn3C(C)C)n1)CN(C(=O)OCc1ccccc1)CC2,>2 rings causes RDKit C++ hang - bypassed,train
CHEMBL5804613,COc1cc2c(cc1C(=O)Nc1cccc(-c3nnnn3[C@H](C)CO)n1)CN(C(=O)OCc1ccccc1)CC2,>2 rings causes RDKit C++ hang - bypassed,train
CHEMBL6034677,CC(C)n1cnnc1-c1cccc(N2Cc3ccc(-c4ccn5ncc(C(=O)O)c5n4)cc3C2=O)n1,>2 rings causes RDKit C++ hang - bypassed,train
CHEMBL5970568,O=C1Nc2cccc(n2)-c2nncn2CCCCOc2cc(F)c(-c3ccc(C4CC4)nc3)cc21,Bridgehead atoms cause C++ RDKit hang,train
CHEMBL4851548,CC(C)n1cnnc1-c1cccc(NC(=O)c2nc3ccccc3s2)n1,>2 rings causes RDKit C++ hang - bypassed,train
CHEMBL5559626,CC(C)n1nnnc1-c1cccc(N2C(=O)c3cc(-n4cnc(C5CC5)c4)ccc3C2(C)C)n1,>2 rings causes RDKit C++ hang - bypassed,train
CHEMBL5746446,CC(C)n1nnnc1-c1cccc(N2Cc3ccc(-n4cnc(C5CC5)c4)cc3C2=O)n1,>2 rings causes RDKit C++ hang - bypassed,train
CHEMBL5851072,CC(=O)OC[C@@H](C)n1nnnc1-c1cccc(N2Cc3ccc(-n4cnc(C5CC5)c4)cc3C2=O)n1,>2 rings causes RDKit C++ hang - bypassed,train
CHEMBL4855684,CC(C)n1cnnc1-c1ccc2[nH]nc(-c3cccc(C(N)=O)c3)c2c1,>2 rings causes RDKit C++ hang - bypassed,train
CHEMBL4871624,COCCNC(=O)c1cccc(-c2n[nH]c3ccc(-c4nncn4C(C)C)cc23)c1,>2 rings causes RDKit C++ hang - bypassed,train
CHEMBL4865938,CC(C)n1cnnc1-c1ccc2[nH]nc(-c3cccc(S(C)(=O)=O)c3)c2c1,>2 rings causes RDKit C++ hang - bypassed,train
CHEMBL4860629,CCS(=O)(=O)Nc1cccc(-c2n[nH]c3ccc(-c4nncn4C(C)C)cc23)c1,>2 rings causes RDKit C++ hang - bypassed,train
CHEMBL5898390,CC(C)n1nnnc1-c1nc(NC(=O)c2cc(-n3cnc(C4CC4)c3)c(F)cn2)cs1,>2 rings causes RDKit C++ hang - bypassed,train
CHEMBL5911029,CC(C)n1nnnc1-c1nc(NC(=O)c2cc(-n3cnc(C4CC4)c3)c(C(F)F)cn2)cs1,>2 rings causes RDKit C++ hang - bypassed,train
CHEMBL5982209,CC(C)n1nnnc1-c1nc(NC(=O)c2cc(-n3cnc(C4CC4)c3)c(C(F)(F)F)cn2)cs1,>2 rings causes RDKit C++ hang - bypassed,train
CHEMBL5844072,CC(C)n1cnnc1-c1cccc(NC(=O)c2ccc3ccc(N4CCN(C(C)(C)C)CC4)nc3c2)n1,>2 rings causes RDKit C++ hang - bypassed,train
CHEMBL5556181,CC(C)n1cnnc1-c1cccc(N2CCOc3ccc(-n4cnc(C5CC5)c4)cc3C2=O)n1,>2 rings causes RDKit C++ hang - bypassed,train
CHEMBL5922466,Cn1ccc(-c2ccc3c(c2)CN(c2cccc(-c4nncn4C4CC4)n2)C3=O)n1,>2 rings causes RDKit C++ hang - bypassed,train
CHEMBL5984806,O=C1c2ccc(-c3cc[nH]n3)cc2CN1c1cccc(-c2nncn2C2CC2)n1,>2 rings causes RDKit C++ hang - bypassed,train
CHEMBL5532437,Cc1cc(F)c(C(=O)Nc2cccc(-c3nnc4[nH]ccn34)n2)cc1-n1cnc(C2CC2)c1,>2 rings causes RDKit C++ hang - bypassed,train
CHEMBL5907020,COc1cc2c(cc1C(=O)Nc1cccc(-c3nnnn3[C@H](C)CO)n1)CN(S(=O)(=O)c1ccccn1)CC2,>2 rings causes RDKit C++ hang - bypassed,train
CHEMBL5918192,CC(C)n1cnnc1-c1cccc(N2Cc3ccc(C4CCC(C(=O)O)CC4)cc3C2=O)n1,>2 rings causes RDKit C++ hang - bypassed,train
CHEMBL5858957,CC(C)n1cnnc1-c1cccc(N2Cc3ccc([C@H]4CC[C@@H](C(=O)O)CC4)cc3C2=O)n1,>2 rings causes RDKit C++ hang - bypassed,train
CHEMBL6041939,C[C@H](CO)n1nnnc1-c1cccc(NC(=O)c2cc3c(cc2F)CCN(C(=O)NC2CC2)C3)n1,>2 rings causes RDKit C++ hang - bypassed,train
CHEMBL5983213,CCOC(=O)N1CCc2cnc(C(=O)Nc3cccc(-c4nnc5n4CCC5)n3)cc2C1,>2 rings causes RDKit C++ hang - bypassed,train
CHEMBL6047705,CCOC(=O)N1CCc2cnc(C(=O)Nc3cccc(-c4nnc5n4[C@@H](C)CC5)n3)cc2C1,>2 rings causes RDKit C++ hang - bypassed,train
CHEMBL5972820,CCOC(=O)N1CCc2cnc(C(=O)Nc3cccc(-c4nnc5n4C(C)(C)CC5)n3)cc2C1,>2 rings causes RDKit C++ hang - bypassed,train
CHEMBL5862505,CCOC(=O)N1CCc2cnc(C(=O)Nc3cccc(-c4nnc5n4[C@H](C)CC5)n3)cc2C1,>2 rings causes RDKit C++ hang - bypassed,train
CHEMBL5426009,O=C(Nc1cccc(-c2nncn2C2CC2)n1)c1cc(-c2cnn(C3CCC3)c2)cn(Cc2ccccc2F)c1=O,>2 rings causes RDKit C++ hang - bypassed,train
CHEMBL3683262,C[C@H](n1cnnc1-c1nc(NC(=O)c2cc(-n3cnc(C4CC4)c3)c(N3CC(C)(O)C3)cn2)cs1)C(F)(F)F,>2 rings causes RDKit C++ hang - bypassed,train
CHEMBL3683265,C[C@H](n1cnnc1-c1nc(NC(=O)c2cc(-n3cnc(C4CC4)c3)c(N3CCC3)cn2)cs1)C(F)(F)F,>2 rings causes RDKit C++ hang - bypassed,train
CHEMBL3946920,COCC1CN(c2cnc(C(=O)Nc3csc(-c4nncn4[C@@H](C)C(F)(F)F)n3)cc2-n2cnc(C3CC3)c2)C1,>2 rings causes RDKit C++ hang - bypassed,train
CHEMBL3893968,C[C@H](n1cnnc1-c1nc(NC(=O)c2cc(-n3cnc(C4CC4)c3)c(N3CC(C)(C#N)C3)cn2)cs1)C(F)(F)F,>2 rings causes RDKit C++ hang - bypassed,train
CHEMBL3953748,COC1(C)CN(c2cnc(C(=O)Nc3csc(-c4nncn4[C@@H](C)C(F)(F)F)n3)cc2-n2cnc(C3CC3)c2)C1,>2 rings causes RDKit C++ hang - bypassed,train
CHEMBL3930015,C[C@H](n1cnnc1-c1nc(NC(=O)c2cc(-n3cnc(C4CC4)c3)c(N3CC(C(F)F)C3)cn2)cs1)C(F)(F)F,>2 rings causes RDKit C++ hang - bypassed,train
CHEMBL6014751,CC(n1cnnc1-c1nc(NC(=O)c2cc(-n3cnc(C4CC4)c3)c(N3CC(C)(O)C3)cn2)cs1)C(F)(F)F,>2 rings causes RDKit C++ hang - bypassed,train
CHEMBL5844801,CC(n1cnnc1-c1nc(NC(=O)c2cc(-n3cnc(C4CC4)c3)c(N3CCC3)cn2)cs1)C(F)(F)F,>2 rings causes RDKit C++ hang - bypassed,train
CHEMBL5963745,CCn1cnnc1-c1cccc(N2Cc3ccc(-c4cc(C(=O)O)cnn4)cc3C2=O)n1,>2 rings causes RDKit C++ hang - bypassed,train
CHEMBL5939117,C[C@H](CO)n1cnnc1-c1cccc(NC(=O)c2cc(NCc3ccc(F)cc3)ccc2F)n1,>2 rings causes RDKit C++ hang - bypassed,train
CHEMBL5903369,Cc1cc(F)c(C(=O)Nc2cccc(-c3nnnn3C3CC3)n2)cc1-n1cnc(C2CC2)c1,>2 rings causes RDKit C++ hang - bypassed,train
CHEMBL5827689,Cc1cc(F)c(C(=O)Nc2cccc(-c3nnnn3C3(C)CC3)n2)cc1-n1cnc(C2CC2)c1,>2 rings causes RDKit C++ hang - bypassed,train
CHEMBL6047018,C[C@H](CO)n1nnnc1-c1cccc(NC(=O)c2cc3c(cn2)CCN(C(=O)NCc2ccccc2)C3)n1,>2 rings causes RDKit C++ hang - bypassed,train
CHEMBL4846965,CC(C)n1cnnc1-c1cccc(NC(=O)c2cc3ccccc3o2)n1,>2 rings causes RDKit C++ hang - bypassed,train
CHEMBL4876111,Cc1c(C(=O)Nc2cccc(-c3nncn3C(C)C)n2)oc2ccccc12,>2 rings causes RDKit C++ hang - bypassed,train
CHEMBL5563768,CC(C)n1cnnc1-c1cccc(NC(=O)c2cc3c(cc2F)CNCCc2c(C4CC4)ncn2-3)n1,>2 rings causes RDKit C++ hang - bypassed,train
CHEMBL5952330,CC(C)c1nnnn1-c1cccc(N2Cc3ccc(N4CCOCC4)cc3C2=O)n1,>2 rings causes RDKit C++ hang - bypassed,train
CHEMBL5910332,Cc1ncc(-c2ccc3c(c2)C(=O)N(c2cccc(-c4nncn4C4CC4)n2)C3)s1,>2 rings causes RDKit C++ hang - bypassed,train
CHEMBL4875364,C[C@H](n1cnnc1-c1cccc(NC(=O)c2cccc3cccnc23)n1)C(F)(F)F,>2 rings causes RDKit C++ hang - bypassed,train
CHEMBL3639821,O=C(Nc1csc(-c2nncn2C2CC2)n1)c1cc(-n2cnc(C3CC3)c2)c(N2CCCCC2)cn1,>2 rings causes RDKit C++ hang - bypassed,train
CHEMBL3687972,CC1(O)CCN(c2cnc(C(=O)Nc3csc(-c4nncn4C4CC4)n3)cc2-n2cnc(C3CC3)c2)CC1,>2 rings causes RDKit C++ hang - bypassed,train
CHEMBL3924518,O=C(Nc1csc(-c2nncn2C2CC2)n1)c1cc(-n2cnc(C3CC3)c2)c(N2CCC(C(F)(F)F)CC2)cn1,>2 rings causes RDKit C++ hang - bypassed,train
CHEMBL3920406,O=C(Nc1csc(-c2nncn2C2CC2)n1)c1cc(-n2cnc(C3CC3)c2)c(N2CCC(F)CC2)cn1,>2 rings causes RDKit C++ hang - bypassed,train
CHEMBL3898363,N#CC1CCN(c2cnc(C(=O)Nc3csc(-c4nncn4C4CC4)n3)cc2-n2cnc(C3CC3)c2)CC1,>2 rings causes RDKit C++ hang - bypassed,train
CHEMBL3943452,COC1CCN(c2cnc(C(=O)Nc3csc(-c4nncn4C4CC4)n3)cc2-n2cnc(C3CC3)c2)CC1,>2 rings causes RDKit C++ hang - bypassed,train
CHEMBL3969572,CNC(=O)C1CCN(c2cnc(C(=O)Nc3csc(-c4nncn4C4CC4)n3)cc2-n2cnc(C3CC3)c2)CC1,>2 rings causes RDKit C++ hang - bypassed,train
CHEMBL3981380,COC1(C)CCN(c2cnc(C(=O)Nc3csc(-c4nncn4C4CC4)n3)cc2-n2cnc(C3CC3)c2)CC1,>2 rings causes RDKit C++ hang - bypassed,train
CHEMBL5427887,Cc1cc(F)c(C(=O)Nc2cccc(-c3nncn3C(C)C)c2)cc1-n1cnc(C2CC2)c1,>2 rings causes RDKit C++ hang - bypassed,train
CHEMBL6033049,Cc1cc(F)c(C(=O)Nc2cccc(-c3nncn3C(C)C)n2)cc1C1CC1C(=O)NC1CC1,>2 rings causes RDKit C++ hang - bypassed,train
CHEMBL5970441,CC(C)n1cnnc1-c1cccc(NC(=O)c2cc3c(cn2)CCN(Cc2ccccn2)C3)n1,>2 rings causes RDKit C++ hang - bypassed,train
CHEMBL5892767,C[C@H](CO)n1cnnc1-c1cccc(NC(=O)c2cc3c(cn2)CCN(Cc2ccccn2)C3)n1,>2 rings causes RDKit C++ hang - bypassed,train
CHEMBL1642657,CC(C)(C(=O)O)c1ccc(C(=O)Nc2cn3cc(-c4ccsc4)ccc3n2)cc1,>2 rings causes RDKit C++ hang - bypassed,train
CHEMBL5968180,CC(C)n1cnnc1-c1cccc(N2Cc3ccc(-c4ncc5ccc(C(=O)O)cc5n4)cc3C2=O)n1,>2 rings causes RDKit C++ hang - bypassed,train
CHEMBL4878410,CC(C)n1cnnc1-c1cccc(NC(=O)c2cc3cccc(-c4cn[nH]c4)c3[nH]2)n1,>2 rings causes RDKit C++ hang - bypassed,train
CHEMBL4851116,CC(C)n1cnnc1-c1ccc2[nH]nc(-c3cccc(-c4cccnc4)c3)c2c1,>2 rings causes RDKit C++ hang - bypassed,train
CHEMBL5969794,CC(C)n1nnnc1-c1cccc(NC(=O)c2ccc3c(c2)CNC3)n1,>2 rings causes RDKit C++ hang - bypassed,train
CHEMBL5844723,CC(C)n1nnnc1-c1cccc(NC(=O)c2ccc3c(c2)CN(S(=O)(=O)N(C)C)C3)n1,>2 rings causes RDKit C++ hang - bypassed,train
CHEMBL5925335,CC(C)n1nnnc1-c1cccc(NC(=O)c2ccc3c(c2)CN(C(=O)N(C)C)C3)n1,>2 rings causes RDKit C++ hang - bypassed,train
CHEMBL5922598,CCN(C)C(=O)N1Cc2ccc(C(=O)Nc3cccc(-c4nnnn4C(C)C)n3)cc2C1,>2 rings causes RDKit C++ hang - bypassed,train
CHEMBL5929756,CC(C)n1nnnc1-c1cccc(NC(=O)c2ccc3c(c2)CN(S(=O)(=O)CCC(F)(F)F)C3)n1,>2 rings causes RDKit C++ hang - bypassed,train
CHEMBL5875932,COCCS(=O)(=O)N1Cc2ccc(C(=O)Nc3cccc(-c4nnnn4C(C)C)n3)cc2C1,>2 rings causes RDKit C++ hang - bypassed,train
CHEMBL5993772,CCOC(=O)N1Cc2ccc(C(=O)Nc3cccc(-c4nnnn4C(C)C)n3)cc2C1,>2 rings causes RDKit C++ hang - bypassed,train
CHEMBL4874460,C[C@H](n1cnnc1-c1cccc(NC(=O)c2cccc3c2OCCN3C)n1)C(F)(F)F,>2 rings causes RDKit C++ hang - bypassed,train
CHEMBL3986247,O=C(Nc1csc(-c2nncn2C2CC2)n1)c1cc(-n2cnc(C3CC3)c2)c(N2CC(N3CCOCC3)C2)cn1,>2 rings causes RDKit C++ hang - bypassed,train
CHEMBL3402508,CC(C)CCOc1cccc(C2C(C(=O)c3ccc4c(c3)CC(C)O4)=C(O)C(=O)N2c2nc3ccc(F)cc3s2)c1,>2 rings causes RDKit C++ hang - bypassed,train
CHEMBL3402507,CCCCCOc1ccc(C2C(C(=O)c3ccc4c(c3)CC(C)O4)=C(O)C(=O)N2c2nc3ccc(F)cc3s2)cc1,>2 rings causes RDKit C++ hang - bypassed,train
CHEMBL6051225,CCOC(=O)C1CC1c1cc(C(=O)Nc2cccc(-c3nncn3C(C)C)n2)c(F)cc1C,>2 rings causes RDKit C++ hang - bypassed,train
CHEMBL5758894,Cc1cc(F)c(C(=O)Nc2cccc(-c3nncn3C(C)C)n2)cc1C1CC1C(=O)O,>2 rings causes RDKit C++ hang - bypassed,train
CHEMBL5884702,Cc1cc(F)c(C(=O)Nc2cccc(-c3nncn3C(C)C)n2)cc1C1CC1NC(=O)OC(C)(C)C,>2 rings causes RDKit C++ hang - bypassed,train
CHEMBL5755072,Cc1cc(F)c(C(=O)Nc2cccc(-c3nncn3C(C)C)n2)cc1C1CC1NS(=O)(=O)N(C)C,>2 rings causes RDKit C++ hang - bypassed,train
CHEMBL5745653,Cc1cc(F)c(C(=O)Nc2cccc(-c3nncn3C(C)C)n2)cc1C1CC1NC(=O)N(C)CCC(F)(F)F,>2 rings causes RDKit C++ hang - bypassed,train
CHEMBL5764364,Cc1cc(F)c(C(=O)Nc2cccc(-c3nncn3C(C)C)n2)cc1C1CC1NC(=O)C(C)(C)C,>2 rings causes RDKit C++ hang - bypassed,train
CHEMBL5995601,COc1cc(C)c(C2CC2NC(=O)OC(F)(F)F)cc1C(=O)Nc1cccc(-c2nncn2C(C)C)n1,>2 rings causes RDKit C++ hang - bypassed,train
CHEMBL6037715,COc1cc(C)c(C2CC2NC(=O)NCCC(F)(F)F)cc1C(=O)Nc1cccc(-c2nncn2C(C)C)n1,>2 rings causes RDKit C++ hang - bypassed,train
CHEMBL5979192,COc1cc(C)c(C2CC2NS(=O)(=O)N(C)C)cc1C(=O)Nc1cccc(-c2nncn2C(C)C)n1,>2 rings causes RDKit C++ hang - bypassed,train
CHEMBL5775052,COc1cc(C)c(C2CC2NS(=O)(=O)CCC(F)(F)F)cc1C(=O)Nc1cccc(-c2nncn2C(C)C)n1,>2 rings causes RDKit C++ hang - bypassed,train
CHEMBL5759997,COc1cc(C)c(C2CC2NC(=O)C(C)(C)C)cc1C(=O)Nc1cccc(-c2nncn2C(C)C)n1,>2 rings causes RDKit C++ hang - bypassed,train
CHEMBL6031744,Cc1cc(F)c(C(=O)Nc2cccc(-c3nncn3[C@H](C)CO)n2)cc1C1CC1NC(=O)OCC(F)(F)F,>2 rings causes RDKit C++ hang - bypassed,train
CHEMBL5885595,Cc1cc(F)c(C(=O)Nc2cccc(-c3nncn3[C@H](C)CO)n2)cc1C1CC1NC(=O)N(C)CCC(F)(F)F,>2 rings causes RDKit C++ hang - bypassed,train
CHEMBL6042134,Cc1cc(F)c(C(=O)Nc2cccc(-c3nncn3[C@H](C)CO)n2)cc1C1CC1NS(=O)(=O)CCC(F)(F)F,>2 rings causes RDKit C++ hang - bypassed,train
CHEMBL5841847,Cc1cc(F)c(C(=O)Nc2cccc(-c3nncn3[C@H](C)CO)n2)cc1C1CC1NS(=O)(=O)N(C)C,>2 rings causes RDKit C++ hang - bypassed,train
CHEMBL6035445,Cc1cc(F)c(C(=O)Nc2cccc(-c3nncn3[C@H](C)CO)n2)cc1C1CC1NC(=O)C(C)(C)C,>2 rings causes RDKit C++ hang - bypassed,train
CHEMBL5820153,O=C1c2cc(-c3cccc(C4(C(=O)O)CC4)c3)ccc2CN1c1cccc(-c2nncn2C2CC2)n1,>2 rings causes RDKit C++ hang - bypassed,train
CHEMBL5562956,C[C@H]1CCCOc2ncccc2C(=O)Nc2cccc(n2)-c2nncn21,Bridgehead atoms cause C++ RDKit hang,train
CHEMBL6012525,O=C1c2cc(-c3cccnn3)ccc2CN1c1cccc(-c2nncn2C2CC2)n1,>2 rings causes RDKit C++ hang - bypassed,train
CHEMBL5865443,CC(C)n1cnnc1-c1cccc(N2Cc3ccc(-c4ccc5c(c4)COC5=O)cc3C2=O)n1,>2 rings causes RDKit C++ hang - bypassed,train
CHEMBL4632672,COc1nn(-c2cnccn2)cc1C(=O)Nc1cccc(-c2nncn2C(C)C)n1,>2 rings causes RDKit C++ hang - bypassed,train
CHEMBL4866921,COc1nn(-c2cnccn2)cc1C(=O)Nc1cccc(-c2nncn2[C@@H](C)C(F)(F)F)n1,>2 rings causes RDKit C++ hang - bypassed,train
CHEMBL5794230,O=C1Nc2cccc(n2)-c2nncn2CCCCOc2ccc(N3C4CCC3COC4)cc21,Bridgehead atoms cause C++ RDKit hang,train
CHEMBL5437227,CC(C)n1cnnc1-c1cccc(NC(=O)c2cc3c(cc2F)OCC(=O)N3C)n1,>2 rings causes RDKit C++ hang - bypassed,train
CHEMBL5399807,CC(CO)n1cnnc1-c1cccc(NC(=O)c2cc3c(cc2F)OCC(=O)N3)n1,>2 rings causes RDKit C++ hang - bypassed,train
CHEMBL5406106,CC(C)n1cnnc1-c1cccc(NC(=O)c2cc3c(cc2F)OC(C)(C)C(=O)N3)n1,>2 rings causes RDKit C++ hang - bypassed,train
CHEMBL4861744,CC(C)n1cnnc1-c1cccc(NC(=O)c2cc3cc(-c4cn[nH]c4)ccc3[nH]2)n1,>2 rings causes RDKit C++ hang - bypassed,train
CHEMBL5820402,CC(C)n1nnnc1-c1cccc(NC(=O)c2cc3c(cc2F)CCN(C(=O)NC2CCCC2)C3)n1,>2 rings causes RDKit C++ hang - bypassed,train
CHEMBL5952710,CC(C)n1nnnc1-c1cccc(NC(=O)c2cc3c(cc2F)CCN(C(=O)N(C)C2CCCC2)C3)n1,>2 rings causes RDKit C++ hang - bypassed,train
CHEMBL5749169,O=C1c2ccccc2CN1c1cccc(-n2nncc2C2CC2)n1,>2 rings causes RDKit C++ hang - bypassed,train
CHEMBL5877578,CC(C)c1nnnn1-c1cccc(N2Cc3ccc(-n4cnc(C5CC5)c4)cc3C2=O)n1,>2 rings causes RDKit C++ hang - bypassed,train
CHEMBL4848618,COc1nn(C)cc1C(=O)Nc1cccc(-c2nncn2[C@H]2CCOC2)n1,>2 rings causes RDKit C++ hang - bypassed,train
CHEMBL4860731,COc1nn(C)cc1C(=O)Nc1cccc(-c2nncn2[C@@H]2CCOC2)n1,>2 rings causes RDKit C++ hang - bypassed,train
CHEMBL5542733,Cc1cc(F)c(C(=O)Nc2cccc3c2OCCn2cnnc2-3)cc1-n1cnc(C2CC2)c1,>2 rings causes RDKit C++ hang - bypassed,train
CHEMBL5560251,Cc1cc(F)c(C(=O)Nc2cccc3c2OC[C@@H](C)n2cnnc2-3)cc1-n1cnc(C2CC2)c1,>2 rings causes RDKit C++ hang - bypassed,train
CHEMBL5563860,Cc1cc(F)c(C(=O)Nc2cccc3c2OC[C@H](C)n2cnnc2-3)cc1-n1cnc(C2CC2)c1,>2 rings causes RDKit C++ hang - bypassed,train
CHEMBL5555321,Cc1cc(F)c(C(=O)Nc2cccc3c2O[C@H](C)Cn2cnnc2-3)cc1-n1cnc(C2CC2)c1,>2 rings causes RDKit C++ hang - bypassed,train
CHEMBL5568596,Cc1cc(F)c(C(=O)Nc2cccc3c2O[C@@H](C)Cn2cnnc2-3)cc1-n1cnc(C2CC2)c1,>2 rings causes RDKit C++ hang - bypassed,train
CHEMBL5559998,Cc1cc(F)c(C(=O)Nc2cccc3c2OCC(C)(C)n2cnnc2-3)cc1-n1cnc(C2CC2)c1,>2 rings causes RDKit C++ hang - bypassed,train
CHEMBL5557861,Cc1cc(F)c(C(=O)Nc2cccc3c2OC[C@H](CO)n2cnnc2-3)cc1-n1cnc(C2CC2)c1,>2 rings causes RDKit C++ hang - bypassed,train
CHEMBL5532459,Cc1cc(F)c(C(=O)Nc2cccc3c2OC[C@H](CF)n2cnnc2-3)cc1-n1cnc(C2CC2)c1,>2 rings causes RDKit C++ hang - bypassed,train
CHEMBL5527956,Cc1cc(F)c(C(=O)Nc2cccc3c2OC[C@@H](CF)n2cnnc2-3)cc1-n1cnc(C2CC2)c1,>2 rings causes RDKit C++ hang - bypassed,train
CHEMBL5813814,Cc1cc(F)c(C(=O)Nc2cccc3c2OCC(CF)n2cnnc2-3)cc1-n1cnc(C2CC2)c1,>2 rings causes RDKit C++ hang - bypassed,train
CHEMBL2205632,CC(C)(C)c1ccc(C(=O)Nc2cn3cc(-c4ccccc4)ccc3n2)cc1,>2 rings causes RDKit C++ hang - bypassed,train
CHEMBL5904626,COc1cc2c(cc1C(=O)Nc1cccc(-c3nnnn3[C@@H]3CCC[C@@H]3O)n1)CN(C(=O)OCC(F)(F)F)CC2,>2 rings causes RDKit C++ hang - bypassed,train
CHEMBL5799566,O=C1c2cc(-n3cnc4ccccc43)ccc2CN1c1cccc(-c2nncn2C2CC2)n1,>2 rings causes RDKit C++ hang - bypassed,train
CHEMBL4748155,CC(C)n1cnnc1-c1cccc(NC(=O)C2CN(c3ccccc3)CCO2)n1,>2 rings causes RDKit C++ hang - bypassed,train
CHEMBL5843821,CN1CC=C(c2cc3c(cc2F)OCCCCn2cnnc2-c2cccc(n2)NC3=O)CC1,Bridgehead atoms cause C++ RDKit hang,train
CHEMBL5788265,C[C@H]1CCCOc2cc(F)c(C3=CCN(C)CC3)cc2C(=O)Nc2cccc(n2)-c2nncn21,Bridgehead atoms cause C++ RDKit hang,train
CHEMBL4753983,CC(C)n1cnnc1-c1cccc(NC(=O)C2CN(c3cccnc3)CCO2)n1,>2 rings causes RDKit C++ hang - bypassed,train
CHEMBL5837710,CC(C)n1cnnc1-c1cccc(NC(=O)c2cc3c(cc2F)CCN(C(=O)NC2CCCC2)C3)n1,>2 rings causes RDKit C++ hang - bypassed,train
CHEMBL6058333,CC(C)n1cnnc1-c1cccc(NC(=O)c2ccc3c(c2)CN(C(=O)NC2CCCC2)CC3)n1,>2 rings causes RDKit C++ hang - bypassed,train
CHEMBL5943736,C[C@H](CO)n1cnnc1-c1cccc(NC(=O)c2cc3c(cc2F)CCN(C(=O)NC2CCCC2)C3)n1,>2 rings causes RDKit C++ hang - bypassed,train
CHEMBL4097778,CN1C(=O)[C@@H](N2CCc3cn(CC4CCS(=O)(=O)CC4)nc3C2=O)COc2ccccc21,>2 rings causes RDKit C++ hang - bypassed,train
CHEMBL4796219,CC(C)n1cnnc1-c1cccc(NC(=O)Nc2ccn[nH]2)n1,>2 rings causes RDKit C++ hang - bypassed,train
CHEMBL4795694,Cc1cc(NC(=O)Nc2cccc(-c3nncn3C(C)C)n2)[nH]n1,>2 rings causes RDKit C++ hang - bypassed,train
CHEMBL4753690,CCc1cc(NC(=O)Nc2cccc(-c3nncn3C(C)C)n2)[nH]n1,>2 rings causes RDKit C++ hang - bypassed,train
CHEMBL4788912,CC(C)c1cc(NC(=O)Nc2cccc(-c3nncn3C(C)C)n2)[nH]n1,>2 rings causes RDKit C++ hang - bypassed,train
CHEMBL4799783,Cc1cc(NC(=O)Nc2cccc(-c3nncn3C(C)C)n2)n(C)n1,>2 rings causes RDKit C++ hang - bypassed,train
CHEMBL3954180,O=C(Nc1csc(-c2nncn2C2CC2)n1)c1cc(-n2cnc(C3CC3)c2)c(N2CCN(C3CC3)CC2)cn1,>2 rings causes RDKit C++ hang - bypassed,train
CHEMBL5784356,Cc1cc2ncn(-c3cccc(-c4nncn4C4CCC(F)(F)CC4)n3)c(=O)c2cc1-n1cnc(C2CC2)c1,>2 rings causes RDKit C++ hang - bypassed,train
CHEMBL5794860,Cc1cc2ncn(-c3cccc(-c4nncn4C4CCCCC4)n3)c(=O)c2cc1-n1cnc(C2CC2)c1,>2 rings causes RDKit C++ hang - bypassed,train
CHEMBL5835523,O=C1c2ccccc2CN1c1cccc(-c2nncn2C2CC2)n1,>2 rings causes RDKit C++ hang - bypassed,train
CHEMBL5971669,CNC(=O)c1ccc2c(c1)CN(c1cccc(-c3nncn3C3CC3)n1)C2=O,>2 rings causes RDKit C++ hang - bypassed,train
CHEMBL6051978,COCCNC(=O)c1ccc2c(c1)CN(c1cccc(-c3nncn3C3CC3)n1)C2=O,>2 rings causes RDKit C++ hang - bypassed,train
CHEMBL5817460,Nc1ccc2c(c1)CN(c1cccc(-c3nncn3C3CC3)n1)C2=O,>2 rings causes RDKit C++ hang - bypassed,train
CHEMBL6037716,CC(=O)Nc1ccc2c(c1)CN(c1cccc(-c3nncn3C3CC3)n1)C2=O,>2 rings causes RDKit C++ hang - bypassed,train
CHEMBL5930592,CN(C)c1ccc2c(c1)CN(c1cccc(-c3nncn3C3CC3)n1)C2=O,>2 rings causes RDKit C++ hang - bypassed,train
CHEMBL5811199,CCNc1ccc2c(c1)CN(c1cccc(-c3nncn3C3CC3)n1)C2=O,>2 rings causes RDKit C++ hang - bypassed,train
CHEMBL6063554,COC(=O)c1ccc2c(c1)C(=O)N(c1cccc(-c3nncn3C3CC3)n1)C2,>2 rings causes RDKit C++ hang - bypassed,train
CHEMBL5802233,O=C(O)c1ccc2c(c1)C(=O)N(c1cccc(-c3nncn3C3CC3)n1)C2,>2 rings causes RDKit C++ hang - bypassed,train
CHEMBL5821701,CN(C)C(=O)c1ccc2c(c1)C(=O)N(c1cccc(-c3nncn3C3CC3)n1)C2,>2 rings causes RDKit C++ hang - bypassed,train
CHEMBL4641666,COc1nn(C)cc1C(=O)Nc1cccc(-c2cncn2C(C)C)n1,>2 rings causes RDKit C++ hang - bypassed,train
CHEMBL5850823,CC(C)n1cnnc1-c1cccc(NC(=O)c2cc(NC(=O)c3ccccc3)ccc2F)n1,>2 rings causes RDKit C++ hang - bypassed,train
CHEMBL5884117,CC(C)n1cnnc1-c1cccc(NC(=O)c2cc(NC(=O)c3ccc(CN)cc3)ccc2F)n1,>2 rings causes RDKit C++ hang - bypassed,train
CHEMBL5816899,COC(=O)c1ccc(C(=O)Nc2ccc(F)c(C(=O)Nc3cccc(-c4nncn4C(C)C)n3)c2)cc1,>2 rings causes RDKit C++ hang - bypassed,train
CHEMBL4743649,CC(C)n1cnnc1-c1cccc(NC(=O)C2CN(C)CCO2)n1,>2 rings causes RDKit C++ hang - bypassed,train
CHEMBL4457403,O=C1Nc2cccc(n2)-c2nncn2C/C=C/COc2c(Br)cccc21,Bridgehead atoms cause C++ RDKit hang,train
CHEMBL5806281,O=C1Nc2cccc(n2)-c2nncn2C/C=C\COc2ccc(F)cc21,Bridgehead atoms cause C++ RDKit hang,train
CHEMBL5752140,O=C1Nc2cccc(n2)-c2nncn2C/C=C\COc2ccc(Br)cc21,Bridgehead atoms cause C++ RDKit hang,train
CHEMBL5798286,O=C1Nc2cccc(n2)-c2nncn2C/C=C\COc2cc(C(F)(F)F)ccc21,Bridgehead atoms cause C++ RDKit hang,train
CHEMBL5855133,O=C1Nc2cccc(n2)-c2nncn2C/C=C\COc2cc(F)ccc21,Bridgehead atoms cause C++ RDKit hang,train
CHEMBL5785077,O=C1Nc2cccc(n2)-c2nncn2C/C=C\COc2c(Br)cccc21,Bridgehead atoms cause C++ RDKit hang,train
CHEMBL6033511,O=C1Nc2cccc(n2)-c2nncn2C/C=C\COc2c1cccc2C(F)(F)F,Bridgehead atoms cause C++ RDKit hang,train
CHEMBL5989196,O=C1c2ccc(C(=O)n3cccn3)cc2CN1c1cccc(-c2nncn2C2CC2)n1,>2 rings causes RDKit C++ hang - bypassed,train
CHEMBL5846718,CC(C)n1cnnc1-c1cccc(N2Cc3ccc(-c4cccnc4)cc3C2=O)n1,>2 rings causes RDKit C++ hang - bypassed,train
CHEMBL5987742,CC(C)n1cnnc1-c1cccc(N2Cc3ccc(-c4cncc(C(=O)O)c4)cc3C2=O)n1,>2 rings causes RDKit C++ hang - bypassed,train
CHEMBL5750805,COc1ncc(-c2ccc3c(c2)C(=O)N(c2cccc(-c4nncn4C(C)C)n2)C3)cc1C(=O)O,>2 rings causes RDKit C++ hang - bypassed,train
CHEMBL5746635,CC(C)n1cnnc1-c1cccc(N2Cc3ccc(-c4cnc(N)c(C(=O)O)c4)cc3C2=O)n1,>2 rings causes RDKit C++ hang - bypassed,train
CHEMBL5925937,Cc1cc(F)c(C(=O)Nc2cccc(-c3nnc4n3C3(CC4)CC3)n2)cc1-n1cnc(C2CC2)c1,Spiro atoms cause C++ RDKit hang,train
CHEMBL6051570,CC(C)n1nnnc1-c1cccc(NC(=O)c2cc(-c3cnn(C4CC4)c3)ccn2)n1,>2 rings causes RDKit C++ hang - bypassed,train
CHEMBL6006136,Cc1cnc(C(=O)Nc2cccc(-c3nnnn3C(C)C)n2)cc1-c1cnn(C2CC2)c1,>2 rings causes RDKit C++ hang - bypassed,train
CHEMBL5901888,CC(C)n1nnnc1-c1cccc(NC(=O)c2cc(-c3cnn(C4CC4)c3)c(F)cn2)n1,>2 rings causes RDKit C++ hang - bypassed,train
CHEMBL5825193,Cc1cnc(C(=O)Nc2cccc(-c3nnnn3[C@H](C)CO)n2)cc1-c1cnn(C2CC2)c1,>2 rings causes RDKit C++ hang - bypassed,train
CHEMBL5817335,CC(C)n1nnnc1-c1cccc(NC(=O)c2cc(-c3cnn(C4CC4)c3)c(C(F)(F)F)cn2)n1,>2 rings causes RDKit C++ hang - bypassed,train
CHEMBL5761589,C[C@H](CO)n1nnnc1-c1cccc(NC(=O)c2cc(-c3cnn(C4CC4)c3)c(C(F)(F)F)cn2)n1,>2 rings causes RDKit C++ hang - bypassed,train
CHEMBL5807345,CC(C)n1nnnc1-c1cccc(NC(=O)c2cc(-c3cnn(C4CC4)c3)c(C(F)F)cn2)n1,>2 rings causes RDKit C++ hang - bypassed,train
CHEMBL5879715,C[C@H](CO)n1nnnc1-c1cccc(NC(=O)c2cc(-c3cnn(C4CC4)c3)c(C(F)F)cn2)n1,>2 rings causes RDKit C++ hang - bypassed,train
CHEMBL6011380,CC1c2cc(C(=O)Nc3cccc(-c4nnnn4C(C)C)n3)c(F)cc2CCN1CC(=O)N1CCCC1,>2 rings causes RDKit C++ hang - bypassed,train
CHEMBL6031647,COc1cc2c(cc1C(=O)Nc1cccc(-c3nnnn3[C@H](C)CO)n1)CN(CC(=O)N1CCCC1)CC2,>2 rings causes RDKit C++ hang - bypassed,train
CHEMBL5555240,Cc1cc(F)c(C(=O)Nc2cccc(-c3nnc4n3CCC4)n2)cc1-n1cnc(C2CC2)c1,>2 rings causes RDKit C++ hang - bypassed,train
CHEMBL5564118,Cc1cc(F)c(C(=O)Nc2cccc(-c3nnc4n3[C@H](C)CC4)n2)cc1-n1cnc(C2CC2)c1,>2 rings causes RDKit C++ hang - bypassed,train
CHEMBL5560821,Cc1cc(F)c(C(=O)Nc2cccc(-c3nnc4n3[C@@H](C)CC4)n2)cc1-n1cnc(C2CC2)c1,>2 rings causes RDKit C++ hang - bypassed,train
CHEMBL5556635,CC[C@@H]1CCc2nnc(-c3cccc(NC(=O)c4cc(-n5cnc(C6CC6)c5)c(C)cc4F)n3)n21,>2 rings causes RDKit C++ hang - bypassed,train
CHEMBL5556343,CC[C@H]1CCc2nnc(-c3cccc(NC(=O)c4cc(-n5cnc(C6CC6)c5)c(C)cc4F)n3)n21,>2 rings causes RDKit C++ hang - bypassed,train
CHEMBL5567956,CCC[C@@H]1CCc2nnc(-c3cccc(NC(=O)c4cc(-n5cnc(C6CC6)c5)c(C)cc4F)n3)n21,>2 rings causes RDKit C++ hang - bypassed,train
CHEMBL5549878,CCC[C@H]1CCc2nnc(-c3cccc(NC(=O)c4cc(-n5cnc(C6CC6)c5)c(C)cc4F)n3)n21,>2 rings causes RDKit C++ hang - bypassed,train
CHEMBL5557520,Cc1cc(F)c(C(=O)Nc2cccc(-c3nnc4n3C(C)(C)CC4)n2)cc1-n1cnc(C2CC2)c1,>2 rings causes RDKit C++ hang - bypassed,train
CHEMBL5555289,Cc1cc(F)c(C(=O)Nc2cccc(-c3nnc4n3[C@H](CC#N)CC4)n2)cc1-n1cnc(C2CC2)c1,>2 rings causes RDKit C++ hang - bypassed,train
CHEMBL5562481,C=CC1CCc2nnc(-c3cccc(NC(=O)c4cc(-n5cnc(C6CC6)c5)c(C)cc4F)n3)n21,>2 rings causes RDKit C++ hang - bypassed,train
CHEMBL5560015,C#CCC1CCc2nnc(-c3cccc(NC(=O)c4cc(-n5cnc(C6CC6)c5)c(C)cc4F)n3)n21,>2 rings causes RDKit C++ hang - bypassed,train
CHEMBL5563823,Cc1cc(F)c(C(=O)Nc2cccc(-c3nnc4n3CC(C)C4)n2)cc1-n1cnc(C2CC2)c1,>2 rings causes RDKit C++ hang - bypassed,train
CHEMBL5563307,Cc1cc(F)c(C(=O)Nc2cccc(-c3nnc4n3CC(C)(C)C4)n2)cc1-n1cnc(C2CC2)c1,>2 rings causes RDKit C++ hang - bypassed,train
CHEMBL6044374,COC[C@@H]1CCc2nnc(-c3cccc(NC(=O)c4cc(-n5cnc(C6CC6)c5)c(C)cc4F)n3)n21,>2 rings causes RDKit C++ hang - bypassed,train
CHEMBL5917213,Cc1cc(F)c(C(=O)Nc2cccc(-c3nnc4n3C[C@H](C)C4)n2)cc1-n1cnc(C2CC2)c1,>2 rings causes RDKit C++ hang - bypassed,train
CHEMBL5995881,COC(C)[C@H]1CCc2nnc(-c3cccc(NC(=O)c4cc(-n5cnc(C6CC6)c5)c(C)cc4F)n3)n21,>2 rings causes RDKit C++ hang - bypassed,train
CHEMBL6052340,C=C[C@@H]1CCc2nnc(-c3cccc(NC(=O)c4cc(-n5cnc(C6CC6)c5)c(C)cc4F)n3)n21,>2 rings causes RDKit C++ hang - bypassed,train
CHEMBL6063653,Cc1cc(F)c(C(=O)Nc2cccc(-c3nnc4n3[C@H](C(F)(F)F)CC4)n2)cc1-n1cnc(C2CC2)c1,>2 rings causes RDKit C++ hang - bypassed,train
CHEMBL5895956,Cc1cc(F)c(C(=O)Nc2cccc(-c3nnc4n3C(C(F)(F)F)CC4)n2)cc1-n1cnc(C2CC2)c1,>2 rings causes RDKit C++ hang - bypassed,train
CHEMBL5759712,C#C[C@@H]1CCc2nnc(-c3cccc(NC(=O)c4cc(-n5cnc(C6CC6)c5)c(C)cc4F)n3)n21,>2 rings causes RDKit C++ hang - bypassed,train
CHEMBL5819286,C#CC1CCc2nnc(-c3cccc(NC(=O)c4cc(-n5cnc(C6CC6)c5)c(C)cc4F)n3)n21,>2 rings causes RDKit C++ hang - bypassed,train
CHEMBL5900512,Cc1cc(F)c(C(=O)Nc2cccc(-c3nnc4n3[C@H](CO)CC4)n2)cc1-n1cnc(C2CC2)c1,>2 rings causes RDKit C++ hang - bypassed,train
CHEMBL5790862,Cc1cc(F)c(C(=O)Nc2cccc(-c3nnc4n3[C@H](CF)CC4)n2)cc1-n1cnc(C2CC2)c1,>2 rings causes RDKit C++ hang - bypassed,train
CHEMBL5849968,Cc1cc(Cl)c(C(=O)Nc2cccc(-c3nnc4n3[C@H](C)CC4)n2)cc1-n1cnc(C2CC2)c1,>2 rings causes RDKit C++ hang - bypassed,train
CHEMBL5825159,CC(C)n1cnnc1-c1cccc(-n2cnc3cc(N4CCOCC4)c(-n4cnc(C5CC5)c4)cc3c2=O)n1,>2 rings causes RDKit C++ hang - bypassed,train
CHEMBL6039035,Cc1cnc(C(=O)Nc2cccc(-c3nnnn3[C@H](C)CO)n2)cc1C1CC(NC(=O)OC(C)(C)C)C1,>2 rings causes RDKit C++ hang - bypassed,train
CHEMBL4759766,CC(C)n1cnnc1-c1cccc(NC(=O)Nc2cncc3ccccc23)n1,>2 rings causes RDKit C++ hang - bypassed,train
CHEMBL5783167,O=C1Nc2cccc(n2)-c2nncn2CCCCOc2cc(N3CCOCC3)ccc21,Bridgehead atoms cause C++ RDKit hang,train
CHEMBL5942337,O=C1Nc2cccc(n2)-c2nncn2CCCCOc2cc(N3CCOCC3)c(F)cc21,Bridgehead atoms cause C++ RDKit hang,train
CHEMBL3897512,C[C@H](n1cnnc1-c1nc(NC(=O)c2cc(-n3cnc(C4CC4)c3)c(N3CCN(CC4CC4)CC3)cn2)cs1)C(F)(F)F,>2 rings causes RDKit C++ hang - bypassed,train
CHEMBL4646085,C[C@H]1CCCOc2nn(C)cc2C(=O)Nc2cccc(n2)-c2nncn21,Bridgehead atoms cause C++ RDKit hang,train
CHEMBL4799364,Cc1cc(NC(=O)Nc2cccc(-c3nncn3C(C)C)n2)nn1C,>2 rings causes RDKit C++ hang - bypassed,train
CHEMBL5944265,CCc1cn(-c2cc3c(=O)n(-c4cccc(-c5nncn5C(C)C)n4)cnc3cc2C)cn1,>2 rings causes RDKit C++ hang - bypassed,train
CHEMBL4754359,CC(C)n1cnnc1-c1cccc(NC(=O)Nc2cnn3ccccc23)n1,>2 rings causes RDKit C++ hang - bypassed,train
CHEMBL5849698,C[C@H](CO)n1nnnc1-c1cccc(NC(=O)c2cc3c(cc2F)CCN(S(=O)(=O)NC2CC2)C3)n1,>2 rings causes RDKit C++ hang - bypassed,train
CHEMBL5824677,CC1c2cc(C(=O)Nc3cccc(-c4nnnn4C(C)C)n3)c(F)cc2CCN1C(=O)N1CCCC1,>2 rings causes RDKit C++ hang - bypassed,train
CHEMBL5984821,CC(=O)OC[C@@H](C)n1nnnc1-c1cccc(NC(=O)c2cc3c(cc2F)CCN(C(=O)N2CCCC2)C3)n1,>2 rings causes RDKit C++ hang - bypassed,train
CHEMBL5754121,C[C@H](CO)n1nnnc1-c1cccc(NC(=O)c2cc3c(cc2F)CCN(C(=O)N2CCCC2)C3)n1,>2 rings causes RDKit C++ hang - bypassed,train
CHEMBL5851662,CC(C)n1nnnc1-c1cccc(NC(=O)c2cc3c(cc2F)CCN(C(=O)N2CCCC2)C3)n1,>2 rings causes RDKit C++ hang - bypassed,train
CHEMBL5877647,COc1cc2c(cc1C(=O)Nc1cccc(-c3nnnn3C(C)C)n1)CN(C(=O)N1CCCC1)CC2,>2 rings causes RDKit C++ hang - bypassed,train
CHEMBL5837238,COc1cc2c(cc1C(=O)Nc1cccc(-c3nnnn3[C@H](C)CO)n1)CN(C(=O)N1CCCC1)CC2,>2 rings causes RDKit C++ hang - bypassed,train
CHEMBL5769313,COc1cc2c(cc1C(=O)Nc1cccc(-c3nnnn3[C@H](C)CO)n1)CN(C(=O)N1CC[C@@H](O)C1)CC2,>2 rings causes RDKit C++ hang - bypassed,train
CHEMBL4105386,CC(C)n1cnnc1-c1nc(C(=O)Nc2ccccn2)cs1,>2 rings causes RDKit C++ hang - bypassed,train
CHEMBL5954400,CC(C)n1cnnc1-c1cccc(NC(=O)c2cc(Oc3cccnc3)ccc2F)n1,>2 rings causes RDKit C++ hang - bypassed,train
CHEMBL5882829,Cc1cnc(C(=O)Nc2cccc(-c3nnnn3C(C)C)n2)cc1-c1ccc(C2CC2)s1,>2 rings causes RDKit C++ hang - bypassed,train
CHEMBL6058211,Cc1cnc(C(=O)Nc2cccc(-c3nnnn3[C@H](C)CO)n2)cc1-c1ccc(C2CC2)s1,>2 rings causes RDKit C++ hang - bypassed,train
CHEMBL5813083,CC(C)n1nnnc1-c1nc(NC(=O)c2cc(-c3cnn(C4CC4)c3)c(N3CCCC3)cn2)cs1,>2 rings causes RDKit C++ hang - bypassed,train
CHEMBL5884489,CC(C)n1nnnc1-c1cccc(NC(=O)c2cc3ccccc3cc2F)n1,>2 rings causes RDKit C++ hang - bypassed,train
CHEMBL5787446,C[C@H](CO)n1nnnc1-c1cccc(NC(=O)c2cc3c(cn2)CCN(C(=O)c2ccc(F)cc2)C3)n1,>2 rings causes RDKit C++ hang - bypassed,train
CHEMBL5814425,CC(C)n1cnnc1-c1cccc(NC(=O)c2cc3c(cc2F)CN(C(C)(C)C)S3(=O)=O)n1,>2 rings causes RDKit C++ hang - bypassed,train
CHEMBL5955115,COc1cc2c(cc1C(=O)Nc1cccc(-c3nncn3C(C)C)n1)S(=O)(=O)N(C(C)(C)C)C2,>2 rings causes RDKit C++ hang - bypassed,train
CHEMBL5913871,CC(C)n1cnnc1-c1cccc(NC(=O)c2cc3c(cc2F)CN(C)S3(=O)=O)n1,>2 rings causes RDKit C++ hang - bypassed,train
CHEMBL5889222,COc1cc2c(cc1C(=O)Nc1cccc(-c3nncn3C(C)C)n1)S(=O)(=O)N(C)C2,>2 rings causes RDKit C++ hang - bypassed,train
CHEMBL5942058,COCCN1Cc2cc(F)c(C(=O)Nc3cccc(-c4nncn4C(C)C)n3)cc2S1(=O)=O,>2 rings causes RDKit C++ hang - bypassed,train
CHEMBL5916270,COCCN1Cc2cc(OC)c(C(=O)Nc3cccc(-c4nncn4C(C)C)n3)cc2S1(=O)=O,>2 rings causes RDKit C++ hang - bypassed,train
CHEMBL5823488,Cc1cc(F)c(C(=O)Nc2cccc3c2OC2(CC2)Cn2nnnc2-3)cc1-n1cnc(C2CC2)c1,Spiro atoms cause C++ RDKit hang,train
CHEMBL5879064,O=C(Nc1cc2c(cc1F)CN(c1cccc(-c3nncn3C3CC3)n1)C2=O)C1CC1,>2 rings causes RDKit C++ hang - bypassed,train
CHEMBL4449840,COc1cc2nccc(Oc3ccc(NC(=O)c4cn(C(C)C)c5ccccc5c4=O)cc3)c2cc1OC,>2 rings causes RDKit C++ hang - bypassed,train
CHEMBL5862700,CC(C)n1nnnc1-c1cccc(NC(=O)c2cc3c(cn2)CCN(S(=O)(=O)N(C)C)C3)n1,>2 rings causes RDKit C++ hang - bypassed,train
CHEMBL6052682,CCN(CC)C(=O)N1CCc2cnc(C(=O)Nc3cccc(-c4nnnn4C(C)C)n3)cc2C1,>2 rings causes RDKit C++ hang - bypassed,train
CHEMBL5772069,CC(C)n1nnnc1-c1cccc(NC(=O)c2cc3c(cn2)CCN(C(=O)N(C)CCC(F)(F)F)C3)n1,>2 rings causes RDKit C++ hang - bypassed,train
CHEMBL6033555,CCN(C)C(=O)N1CCc2cnc(C(=O)Nc3cccc(-c4nnnn4C(C)C)n3)cc2C1,>2 rings causes RDKit C++ hang - bypassed,train
CHEMBL5879024,CC(C)n1nnnc1-c1cccc(NC(=O)c2cc3c(cn2)CCN(C(=O)N(C)C)C3)n1,>2 rings causes RDKit C++ hang - bypassed,train
CHEMBL6023323,CCNC(=O)N1CCc2cnc(C(=O)Nc3cccc(-c4nnnn4C(C)C)n3)cc2C1,>2 rings causes RDKit C++ hang - bypassed,train
CHEMBL6016544,CCOC(=O)N1CCc2cnc(C(=O)Nc3cccc(-c4nnnn4C(C)C)n3)cc2C1,>2 rings causes RDKit C++ hang - bypassed,train
CHEMBL6048353,COCCC(=O)N1CCc2cnc(C(=O)Nc3cccc(-c4nnnn4[C@H](C)CO)n3)cc2C1,>2 rings causes RDKit C++ hang - bypassed,train
CHEMBL5966171,C[C@H](CO)n1nnnc1-c1cccc(NC(=O)c2cc3c(cn2)CCN(C(=O)CCC(F)(F)F)C3)n1,>2 rings causes RDKit C++ hang - bypassed,train
CHEMBL5755395,CCC(=O)N1CCc2cnc(C(=O)Nc3cccc(-c4nnnn4[C@H](C)CO)n3)cc2C1,>2 rings causes RDKit C++ hang - bypassed,train
CHEMBL5790045,C[C@H](CO)n1nnnc1-c1cccc(NC(=O)c2cc3c(cn2)CCN(C(=O)OCC(F)(F)F)C3)n1,>2 rings causes RDKit C++ hang - bypassed,train
CHEMBL5770991,CC(C)COC(=O)N1CCc2cnc(C(=O)Nc3cccc(-c4nnnn4[C@H](C)CO)n3)cc2C1,>2 rings causes RDKit C++ hang - bypassed,train
CHEMBL5831682,COC(=O)N1CCc2cnc(C(=O)Nc3cccc(-c4nnnn4[C@H](C)CO)n3)cc2C1,>2 rings causes RDKit C++ hang - bypassed,train
CHEMBL5838536,COCCNC(=O)N1CCc2cnc(C(=O)Nc3cccc(-c4nnnn4[C@H](C)CO)n3)cc2C1,>2 rings causes RDKit C++ hang - bypassed,train
CHEMBL6029396,CC(C)NC(=O)N1CCc2cnc(C(=O)Nc3cccc(-c4nnnn4[C@H](C)CO)n3)cc2C1,>2 rings causes RDKit C++ hang - bypassed,train
CHEMBL5771822,COCCN1CCc2cnc(C(=O)Nc3cccc(-c4nnnn4[C@H](C)CO)n3)cc2C1,>2 rings causes RDKit C++ hang - bypassed,train
CHEMBL6050869,CC(C)N1CCc2cnc(C(=O)Nc3cccc(-c4nnnn4[C@H](C)CO)n3)cc2C1,>2 rings causes RDKit C++ hang - bypassed,train
CHEMBL5904305,CCN1CCc2cnc(C(=O)Nc3cccc(-c4nnnn4[C@H](C)CO)n3)cc2C1,>2 rings causes RDKit C++ hang - bypassed,train
CHEMBL5908181,COCCS(=O)(=O)N1CCc2cnc(C(=O)Nc3cccc(-c4nnnn4C(C)C)n3)cc2C1,>2 rings causes RDKit C++ hang - bypassed,train
CHEMBL5890430,CC(C)n1nnnc1-c1cccc(NC(=O)c2cc3c(cn2)CCN(S(=O)(=O)CC(F)(F)F)C3)n1,>2 rings causes RDKit C++ hang - bypassed,train
CHEMBL6021485,CC(C)CS(=O)(=O)N1CCc2cnc(C(=O)Nc3cccc(-c4nnnn4C(C)C)n3)cc2C1,>2 rings causes RDKit C++ hang - bypassed,train
CHEMBL5930233,C[C@H](CO)n1nnnc1-c1cccc(NC(=O)c2cc3c(cn2)CCN(C=O)C3)n1,>2 rings causes RDKit C++ hang - bypassed,train
CHEMBL5760726,C[C@H](CO)n1nnnc1-c1cccc(NC(=O)c2cc3c(cn2)CCN(C(=O)OC(C)(C)C)C3)n1,>2 rings causes RDKit C++ hang - bypassed,train
CHEMBL5802353,CCOC(=O)N1CCc2cnc(C(=O)Nc3cccc(-c4nnnn4[C@H](C)CO)n3)cc2C1,>2 rings causes RDKit C++ hang - bypassed,train
CHEMBL6032039,CC(=O)OC[C@@H](C)n1nnnc1-c1cccc(NC(=O)c2cc3c(cn2)CCN(C(=O)OC(C)(C)C)C3)n1,>2 rings causes RDKit C++ hang - bypassed,train
CHEMBL5817741,CC(C)S(=O)(=O)N1CCc2cnc(C(=O)Nc3cccc(-c4nnnn4[C@H](C)CO)n3)cc2C1,>2 rings causes RDKit C++ hang - bypassed,train
CHEMBL5942285,C[C@H](CO)n1nnnc1-c1cccc(NC(=O)c2cc3c(cn2)CCN(S(=O)(=O)CCC(F)(F)F)C3)n1,>2 rings causes RDKit C++ hang - bypassed,train
CHEMBL5893089,CC(C)CC(=O)N1CCc2cnc(C(=O)Nc3cccc(-c4nnnn4[C@H](C)CO)n3)cc2C1,>2 rings causes RDKit C++ hang - bypassed,train
CHEMBL6006336,C[C@H](CO)n1nnnc1-c1cccc(NC(=O)c2cc3c(cn2)CCN(C(=O)C(C)(C)C)C3)n1,>2 rings causes RDKit C++ hang - bypassed,train
CHEMBL6002363,CC(C)n1nnnc1-c1cccc(NC(=O)c2cc3c(cn2)CCN(C(=O)OC(C)(C)C)C3)n1,>2 rings causes RDKit C++ hang - bypassed,train
CHEMBL5987865,COCCOC(=O)N1CCc2cnc(C(=O)Nc3cccc(-c4nnnn4[C@H](C)CO)n3)cc2C1,>2 rings causes RDKit C++ hang - bypassed,train
CHEMBL5958014,C[C@H](CO)n1nnnc1-c1cccc(NC(=O)c2cc3c(cn2)CCN(C(=O)OCC(C)(C)C)C3)n1,>2 rings causes RDKit C++ hang - bypassed,train
CHEMBL5940987,CCCOC(=O)N1CCc2cnc(C(=O)Nc3cccc(-c4nnnn4[C@H](C)CO)n3)cc2C1,>2 rings causes RDKit C++ hang - bypassed,train
CHEMBL5977125,CC(C)CS(=O)(=O)N1CCc2cnc(C(=O)Nc3cccc(-c4nnnn4[C@H](C)CO)n3)cc2C1,>2 rings causes RDKit C++ hang - bypassed,train
CHEMBL5793892,CC(C)OC(=O)N1CCc2cnc(C(=O)Nc3cccc(-c4nnnn4[C@H](C)CO)n3)cc2C1,>2 rings causes RDKit C++ hang - bypassed,train
CHEMBL5878823,CC(C)CN1CCc2cnc(C(=O)Nc3cccc(-c4nnnn4[C@H](C)CO)n3)cc2C1,>2 rings causes RDKit C++ hang - bypassed,train
CHEMBL5849586,CCCN1CCc2cnc(C(=O)Nc3cccc(-c4nnnn4[C@H](C)CO)n3)cc2C1,>2 rings causes RDKit C++ hang - bypassed,train
CHEMBL5896733,C[C@H](CO)n1nnnc1-c1cccc(NC(=O)c2cc3c(cn2)CCN(S(=O)(=O)N(C)C)C3)n1,>2 rings causes RDKit C++ hang - bypassed,train
CHEMBL6029317,CCN(C)C(=O)N1CCc2cnc(C(=O)Nc3cccc(-c4nnnn4[C@H](C)CO)n3)cc2C1,>2 rings causes RDKit C++ hang - bypassed,train
CHEMBL6006422,C[C@H](CO)n1nnnc1-c1cccc(NC(=O)c2cc3c(cn2)CCN(C(=O)N(C)C)C3)n1,>2 rings causes RDKit C++ hang - bypassed,train
CHEMBL5777069,CCNC(=O)N1CCc2cnc(C(=O)Nc3cccc(-c4nnnn4[C@H](C)CO)n3)cc2C1,>2 rings causes RDKit C++ hang - bypassed,train
CHEMBL5860109,CC(C)n1nnnc1-c1cccc(NC(=O)c2cc3c(cn2)CCN(S(=O)(=O)CCC(F)(F)F)C3)n1,>2 rings causes RDKit C++ hang - bypassed,train
CHEMBL5914330,C[C@H](CO)n1nnnc1-c1cccc(NC(=O)c2cc3c(cn2)CCN(C)C3)n1,>2 rings causes RDKit C++ hang - bypassed,train
CHEMBL5948514,C[C@H](CO)n1nnnc1-c1cccc(NC(=O)c2cc3c(cn2)CCN(C(=O)NCCC(F)(F)F)C3)n1,>2 rings causes RDKit C++ hang - bypassed,train
CHEMBL5988049,C[C@H](CO)n1nnnc1-c1cccc(NC(=O)c2cc3c(cn2)CCN(C(=O)C(C)(C)CO)C3)n1,>2 rings causes RDKit C++ hang - bypassed,train
CHEMBL5877222,C[C@H](CO)n1nnnc1-c1cccc(NC(=O)c2cc3c(cn2)CCN(C(=O)C(C)(C)O)C3)n1,>2 rings causes RDKit C++ hang - bypassed,train
CHEMBL4759397,CC(C)n1cnnc1-c1cccc(NC(=O)C2CCCCO2)n1,>2 rings causes RDKit C++ hang - bypassed,train
CHEMBL6041862,O=C(O)c1cccc(-c2ccc3c(c2)C(=O)N(c2cccc(-c4nncn4C4CC4)n2)C3)c1,>2 rings causes RDKit C++ hang - bypassed,train
CHEMBL5914977,O=C(O)c1ccc(-c2ccc3c(c2)C(=O)N(c2cccc(-c4nncn4C4CC4)n2)C3)cc1,>2 rings causes RDKit C++ hang - bypassed,train
CHEMBL5825671,O=C(O)c1ccc(F)c(-c2ccc3c(c2)C(=O)N(c2cccc(-c4nncn4C4CC4)n2)C3)c1,>2 rings causes RDKit C++ hang - bypassed,train
CHEMBL6022506,COC(=O)c1ccc(F)c(-c2ccc3c(c2)C(=O)N(c2cccc(-c4nncn4C4CC4)n2)C3)c1,>2 rings causes RDKit C++ hang - bypassed,train
CHEMBL5785640,CC(C)(C(=O)O)c1cccc(-c2ccc3c(c2)C(=O)N(c2cccc(-c4nncn4C4CC4)n2)C3)c1,>2 rings causes RDKit C++ hang - bypassed,train
CHEMBL5924979,COC(=O)C(C)(C)c1cccc(-c2ccc3c(c2)C(=O)N(c2cccc(-c4nncn4C4CC4)n2)C3)c1,>2 rings causes RDKit C++ hang - bypassed,train
CHEMBL5900835,COc1nc2cc(F)c(C(=O)Nc3cccc(-c4nnnn4C(C)C)n3)cc2nc1N1CCCCC1,>2 rings causes RDKit C++ hang - bypassed,train
CHEMBL5973761,C[C@H](CO)n1nnnc1-c1cccc(NC(=O)c2cc3c(cn2)CCN(C(=O)NC2COC2)C3)n1,>2 rings causes RDKit C++ hang - bypassed,train
CHEMBL5884448,O=C1Nc2cccc(n2)-c2nncn2CCCCOc2ccc(C3=CCOC3)cc21,Bridgehead atoms cause C++ RDKit hang,train
CHEMBL5563790,CC(C)n1cnnc1-c1cccc(-n2ncc3ccc(-n4cnc(C5CC5)c4)cc3c2=O)n1,>2 rings causes RDKit C++ hang - bypassed,train
CHEMBL5995663,Cc1cc(F)c(C(=O)Nc2cccc(-c3nnnn3C3CCCC3)n2)cc1-n1cnc(C2CC2)c1,>2 rings causes RDKit C++ hang - bypassed,train
CHEMBL5966615,Cc1cc2ncn(-c3cccc(-c4nncn4C(C)C)n3)c(=O)c2cc1-n1cnc(-c2ccccc2)c1,>2 rings causes RDKit C++ hang - bypassed,train
CHEMBL5910319,CC(C)n1cnnc1-c1cccc(NC(=O)c2ccc3c(c2)CN(C(=O)N2CCCC2)C3)n1,>2 rings causes RDKit C++ hang - bypassed,train
CHEMBL4741998,CC(C)n1cnnc1-c1cccc(NC(=O)NCc2ccccc2)n1,>2 rings causes RDKit C++ hang - bypassed,train
CHEMBL4869497,c1cc(-c2n[nH]c3ccc(-c4nncn4C4CC4)cc23)cc(-n2cnc(C3CC3)c2)c1,>2 rings causes RDKit C++ hang - bypassed,train
CHEMBL5819333,CC(C)n1cnnc1-c1cccc(N2Cc3ccc(-c4ccc5nc(C(=O)O)sc5c4)cc3C2=O)n1,>2 rings causes RDKit C++ hang - bypassed,train
CHEMBL5943363,CC(C)n1cnnc1-c1cccc(NC(=O)c2cc3c(cc2F)CCN(C(=O)N2CCOCC2)C3)n1,>2 rings causes RDKit C++ hang - bypassed,train
CHEMBL6023845,CC(C)n1nnnc1-c1cccc(NC(=O)c2ccc3c(c2)CN(C(=O)OCc2ccccc2)C3)n1,>2 rings causes RDKit C++ hang - bypassed,train
CHEMBL5972337,O=C(Nc1cccc(-c2nnc3n2CCC3)c1)c1cc(-n2cnc(C3CC3)c2)ccn1,>2 rings causes RDKit C++ hang - bypassed,train
CHEMBL4753726,CC(C)n1cnnc1-c1cccc(NC(=O)Nc2cccc(-c3cnn(C)c3)c2)n1,>2 rings causes RDKit C++ hang - bypassed,train
CHEMBL5556931,C[C@H]1CCCOc2ncc(-c3ccncc3)cc2C(=O)Nc2cccc(n2)-c2nncn21,Bridgehead atoms cause C++ RDKit hang,train
CHEMBL4633993,COc1nn(-c2cccnc2)cc1C(=O)Nc1cccc(-c2nncn2C(C)C)n1,>2 rings causes RDKit C++ hang - bypassed,train
CHEMBL4634900,COc1nn(-c2cncc(N(C)C)c2)cc1C(=O)Nc1cccc(-c2nncn2C(C)C)n1,>2 rings causes RDKit C++ hang - bypassed,train
CHEMBL5988978,Cc1cc(F)c(C(=O)Nc2cccc3c2OCC2(CC2)n2nnnc2-3)cc1-n1cnc(C2CC2)c1,Spiro atoms cause C++ RDKit hang,train
CHEMBL5942270,COc1cc2c(cc1C(=O)Nc1cccc(-c3nnnn3[C@H](C)CO)n1)CN(c1cnc(F)cn1)CC2,>2 rings causes RDKit C++ hang - bypassed,train
CHEMBL5920294,Cc1cc(F)c(C(=O)Nc2cccc(-n3cnnc3)n2)cc1-n1cnc(C2CC2)c1,>2 rings causes RDKit C++ hang - bypassed,train
CHEMBL5945186,Cc1cc(F)c(C(=O)Nc2cccc(-n3cnnc3C(C)C)n2)cc1-n1cnc(C2CC2)c1,>2 rings causes RDKit C++ hang - bypassed,train
CHEMBL5862476,CC(C)n1nnnc1-c1cccc(NC(=O)c2cc3c(cc2F)CCN(C(=O)N2CCN(C)CC2)C3)n1,>2 rings causes RDKit C++ hang - bypassed,train
CHEMBL3683270,C[C@H](n1cnnc1-c1nc(NC(=O)c2cc(-n3cnc(C4CC4)c3)c(N3CCCCC3)cn2)cs1)C(F)(F)F,>2 rings causes RDKit C++ hang - bypassed,train
CHEMBL3687971,C[C@H](n1cnnc1-c1nc(NC(=O)c2cc(-n3cnc(C4CC4)c3)c(N3CCC(C)(O)CC3)cn2)cs1)C(F)(F)F,>2 rings causes RDKit C++ hang - bypassed,train
CHEMBL4083562,CC(n1cnnc1-c1nc(NC(=O)c2cc(-n3cnc(C4CC4)c3)c(N3CCCCC3)cn2)cs1)C(F)(F)F,>2 rings causes RDKit C++ hang - bypassed,train
CHEMBL3917308,C[C@H](n1cnnc1-c1nc(NC(=O)c2cc(-n3cnc(C4CC4)c3)c(N3CCC(C#N)CC3)cn2)cs1)C(F)(F)F,>2 rings causes RDKit C++ hang - bypassed,train
CHEMBL3904498,COC1CCN(c2cnc(C(=O)Nc3csc(-c4nncn4[C@@H](C)C(F)(F)F)n3)cc2-n2cnc(C3CC3)c2)CC1,>2 rings causes RDKit C++ hang - bypassed,train
CHEMBL3908356,CNC(=O)C1CCN(c2cnc(C(=O)Nc3csc(-c4nncn4[C@@H](C)C(F)(F)F)n3)cc2-n2cnc(C3CC3)c2)CC1,>2 rings causes RDKit C++ hang - bypassed,train
CHEMBL3976987,C[C@H](n1cnnc1-c1nc(NC(=O)c2cc(-n3cnc(C4CC4)c3)c(N3CCC(C(F)(F)F)CC3)cn2)cs1)C(F)(F)F,>2 rings causes RDKit C++ hang - bypassed,train
CHEMBL3962884,C[C@H](n1cnnc1-c1nc(NC(=O)c2cc(-n3cnc(C4CC4)c3)c(N3CCC(F)CC3)cn2)cs1)C(F)(F)F,>2 rings causes RDKit C++ hang - bypassed,train
CHEMBL3893936,COC1(C)CCN(c2cnc(C(=O)Nc3csc(-c4nncn4[C@@H](C)C(F)(F)F)n3)cc2-n2cnc(C3CC3)c2)CC1,>2 rings causes RDKit C++ hang - bypassed,train
CHEMBL5977911,CC(C)n1cnnc1-c1cccc(NC(=O)c2cc3c(cc2F)CCN(S(=O)(=O)C2CCCC2)C3)n1,>2 rings causes RDKit C++ hang - bypassed,train
CHEMBL5844842,Cn1nccc1-c1ccc2c(c1)CN(c1cccc(-c3nncn3C3CC3)n1)C2=O,>2 rings causes RDKit C++ hang - bypassed,train
CHEMBL4852061,COc1ncccc1C(=O)Nc1cccc(-c2nncn2[C@@H](C)C(F)(F)F)n1,>2 rings causes RDKit C++ hang - bypassed,train
CHEMBL4853505,COc1ncc(C)cc1C(=O)Nc1cccc(-c2nncn2[C@@H](C)C(F)(F)F)n1,>2 rings causes RDKit C++ hang - bypassed,train
CHEMBL4849014,COc1ncc(F)cc1C(=O)Nc1cccc(-c2nncn2[C@@H](C)C(F)(F)F)n1,>2 rings causes RDKit C++ hang - bypassed,train
CHEMBL5978858,CC(C)n1cnnc1-c1cccc(NC(=O)c2ccc3ccccc3c2)n1,>2 rings causes RDKit C++ hang - bypassed,train
CHEMBL6031090,CC(C)n1cnnc1-c1cccc(NC(=O)c2cc3ccccc3cc2F)n1,>2 rings causes RDKit C++ hang - bypassed,train
CHEMBL5809428,Cn1cnc(-c2ccc3c(c2)CN(c2cccc(-c4nncn4C4CC4)n2)C3=O)c1,>2 rings causes RDKit C++ hang - bypassed,train
CHEMBL3330167,CC(C)(C)c1ccc(C(=O)Nc2cn3cc(-c4cn[nH]c4)ccc3n2)cc1,>2 rings causes RDKit C++ hang - bypassed,train
CHEMBL5559162,Cc1cc(F)c(C(=O)Nc2cccc(-c3nnc4n3CC3(CC3)C4)n2)cc1-n1cnc(C2CC2)c1,Spiro atoms cause C++ RDKit hang,train
CHEMBL5899980,CC(C)n1nnnc1-c1nc(NC(=O)c2cc(-n3cnc(C4CC4)c3)c(N3CCOCC3)cn2)cs1,>2 rings causes RDKit C++ hang - bypassed,train
CHEMBL5567699,CC(C)n1cnnc1-c1cccc(-c2coc3ccc(-n4cnc(C5CC5)c4)cc3c2=O)n1,>2 rings causes RDKit C++ hang - bypassed,train
CHEMBL5559854,C=C(C)[C@@H]1CC[C@]2(C(=O)O)CC[C@]3(C)[C@H](C[C@@H](O)[C@@H]4[C@@]5(C)C(CC(=O)O)OC(C)(C)C5CC[C@]43C)[C@@H]12,>2 rings causes RDKit C++ hang - bypassed,train
CHEMBL5771696,Cc1cc(F)c(C(=O)Nc2cccc(-c3nncn3C(C)C)n2)cc1C1CC1C(=O)N1CCC(F)(F)C1,>2 rings causes RDKit C++ hang - bypassed,train
CHEMBL5765525,COc1cc(C)c(C2CC2C(=O)N2CCC(F)(F)C2)cc1C(=O)Nc1cccc(-c2nncn2C(C)C)n1,>2 rings causes RDKit C++ hang - bypassed,train
CHEMBL5743224,Cc1cc(F)c(C(=O)Nc2cccc(-c3nncn3[C@H](C)CO)n2)cc1C1CC1C(=O)N1CCC(F)(F)C1,>2 rings causes RDKit C++ hang - bypassed,train
CHEMBL4862220,COc1ncncc1C(=O)Nc1cccc(-c2nncn2[C@@H](C)C(F)(F)F)n1,>2 rings causes RDKit C++ hang - bypassed,train
CHEMBL5559703,Cc1cc(F)c(C(=O)Nc2cccc3c2OCC2(CC2)n2cnnc2-3)cc1-n1cnc(C2CC2)c1,Spiro atoms cause C++ RDKit hang,train
CHEMBL5889284,CC(C)n1cnnc1-c1cccc(NC(=O)c2ccc3ccc(N(C)C)nc3c2)n1,>2 rings causes RDKit C++ hang - bypassed,train
CHEMBL5926169,COCCNc1ccc2ccc(C(=O)Nc3cccc(-c4nncn4C(C)C)n3)cc2n1,>2 rings causes RDKit C++ hang - bypassed,train
CHEMBL5936586,CC(C)n1cnnc1-c1cccc(NC(=O)c2ccc3ccc(Cl)nc3c2)n1,>2 rings causes RDKit C++ hang - bypassed,train
CHEMBL5965029,CC(C)n1cnnc1-c1cccc(NC(=O)c2ccc3cccnc3c2)n1,>2 rings causes RDKit C++ hang - bypassed,train
CHEMBL5808285,CC(C)n1cnnc1-c1cccc(NC(=O)c2ccc3cc(Br)cnc3c2)n1,>2 rings causes RDKit C++ hang - bypassed,train
CHEMBL5995580,Cc1cc(F)c(C(=O)Nc2cccc(-c3nnnn3C3CCC3)n2)cc1-n1cnc(C2CC2)c1,>2 rings causes RDKit C++ hang - bypassed,train
CHEMBL5973729,Cc1cc(F)c(C(=O)Nc2cccc(-c3nnnn3C3CC(F)(F)C3)n2)cc1-n1cnc(C2CC2)c1,>2 rings causes RDKit C++ hang - bypassed,train
CHEMBL5934268,Cc1cc(F)c(C(=O)Nc2cccc(-c3nnnn3[C@H]3C[C@@H](O)C3)n2)cc1-n1cnc(C2CC2)c1,>2 rings causes RDKit C++ hang - bypassed,train
CHEMBL5776474,COCCC[C@@H]1CCCN1c1ccc2ccc(C(=O)Nc3cccc(-c4nncn4C(C)C)n3)cc2n1,>2 rings causes RDKit C++ hang - bypassed,train
CHEMBL5793842,CCn1cc(CNC(=O)N2CCc3cnc(C(=O)Nc4cccc(-c5nnnn5[C@H](C)CO)n4)cc3C2)cn1,>2 rings causes RDKit C++ hang - bypassed,train
CHEMBL5925744,O=C1Nc2cccc(n2)-c2nncn2CCCCOc2ccc(-n3cccn3)cc21,Bridgehead atoms cause C++ RDKit hang,train
CHEMBL5974869,Cc1ccn(-c2ccc3c(c2)C(=O)Nc2cccc(n2)-c2nncn2CCCCO3)n1,Bridgehead atoms cause C++ RDKit hang,train
CHEMBL5796162,Cc1cc(C)n(-c2ccc3c(c2)C(=O)Nc2cccc(n2)-c2nncn2CCCCO3)n1,Bridgehead atoms cause C++ RDKit hang,train
CHEMBL5395030,Cn1nc(C(F)(F)F)c2cc(C(=O)Nc3cccc(-c4nncn4C4CCCC4)n3)c(=O)[nH]c21,>2 rings causes RDKit C++ hang - bypassed,train
CHEMBL5921782,Cc1cnc(C(=O)Nc2cccc(-c3nnnn3C(C)C)n2)cc1-c1ccn(C(C)C)n1,>2 rings causes RDKit C++ hang - bypassed,train
CHEMBL5744868,Cc1cnc(C(=O)Nc2cccc(-c3nnnn3[C@H](C)CO)n2)cc1-c1ccn(C(C)C)n1,>2 rings causes RDKit C++ hang - bypassed,train
CHEMBL6019411,O=C1Nc2cccc(n2)-c2nncn2CCCCOc2ccc(N3CC4CCC(C3)O4)cc21,Bridgehead atoms cause C++ RDKit hang,train
CHEMBL5747427,C[C@H](CO)n1nnnc1-c1cccc(NC(=O)c2cc3c(cn2)CCN(C(=O)OC2CCC2)C3)n1,>2 rings causes RDKit C++ hang - bypassed,train
CHEMBL5555716,Cc1cc(F)c(C(=O)Nc2cccc(-c3nnc4n3CCOC4)n2)cc1-n1cnc(C2CC2)c1,>2 rings causes RDKit C++ hang - bypassed,val
CHEMBL5913283,CCN(Cc1ccccc1)c1ccc2ccc(C(=O)Nc3cccc(-c4nncn4C(C)C)n3)cc2n1,>2 rings causes RDKit C++ hang - bypassed,val
CHEMBL5917186,O=C1c2cc(-n3cnc4c3CCCC4)ccc2CCN1c1cccc(-c2nnc3n2CCCC3)n1,>2 rings causes RDKit C++ hang - bypassed,val
CHEMBL4865331,CC(C)n1cnnc1-c1ccc2[nH]nc(-c3cc(N4CCOCC4)cc(-n4cnc(C5CC5)c4)c3)c2c1,>2 rings causes RDKit C++ hang - bypassed,val
CHEMBL5804536,COc1cc2c(cc1C(=O)Nc1cccc(-c3nnnn3[C@H](C)CO)n1)CN(c1ncns1)CC2,>2 rings causes RDKit C++ hang - bypassed,val
CHEMBL5839853,CC(C)n1nnnc1-c1cccc(NC(=O)c2cc3c(cc2F)CN(C(C)(C)C)S3(=O)=O)n1,>2 rings causes RDKit C++ hang - bypassed,val
CHEMBL5864758,C[C@H](CO)n1nnnc1-c1cccc(NC(=O)c2cc3c(cc2F)CN(C(C)(C)C)S3(=O)=O)n1,>2 rings causes RDKit C++ hang - bypassed,val
CHEMBL5841936,COc1cc2c(cc1C(=O)Nc1cccc(-c3nnnn3[C@H](C)CO)n1)S(=O)(=O)N(C(C)(C)C)C2,>2 rings causes RDKit C++ hang - bypassed,val
CHEMBL5848641,COc1cc2c(cc1C(=O)Nc1cccc(-c3nnnn3C(C)C)n1)S(=O)(=O)N(C(C)(C)C)C2,>2 rings causes RDKit C++ hang - bypassed,val
CHEMBL5866501,CC(C)N1Cc2cc(F)c(C(=O)Nc3cccc(-c4nnnn4[C@H](C)CO)n3)cc2S1(=O)=O,>2 rings causes RDKit C++ hang - bypassed,val
CHEMBL5740915,COc1cc2c(cc1C(=O)Nc1cccc(-c3nnnn3[C@H](C)CO)n1)S(=O)(=O)N(C(C)C)C2,>2 rings causes RDKit C++ hang - bypassed,val
CHEMBL6030315,CCOc1cc2c(cc1C(=O)Nc1cccc(-c3nnnn3[C@H](C)CO)n1)S(=O)(=O)N(C(C)C)C2,>2 rings causes RDKit C++ hang - bypassed,val
CHEMBL5788371,CC(C)N1Cc2cc(OCC(F)(F)F)c(C(=O)Nc3cccc(-c4nnnn4[C@H](C)CO)n3)cc2S1(=O)=O,>2 rings causes RDKit C++ hang - bypassed,val
CHEMBL5804429,CC(C)Oc1cc2c(cc1C(=O)Nc1cccc(-c3nnnn3[C@H](C)CO)n1)S(=O)(=O)N(C(C)C)C2,>2 rings causes RDKit C++ hang - bypassed,val
CHEMBL5917687,CC(C)N1Cc2cc(N(C)C)c(C(=O)Nc3cccc(-c4nnnn4[C@H](C)CO)n3)cc2S1(=O)=O,>2 rings causes RDKit C++ hang - bypassed,val
CHEMBL5890653,C[C@H](CO)n1nnnc1-c1cccc(NC(=O)c2cc3c(cc2F)CN(C)S3(=O)=O)n1,>2 rings causes RDKit C++ hang - bypassed,val
CHEMBL5749172,COc1cc2c(cc1C(=O)Nc1cccc(-c3nnnn3[C@H](C)CO)n1)S(=O)(=O)N(C)C2,>2 rings causes RDKit C++ hang - bypassed,val
CHEMBL5877479,COCCN1Cc2cc(F)c(C(=O)Nc3cccc(-c4nnnn4[C@H](C)CO)n3)cc2S1(=O)=O,>2 rings causes RDKit C++ hang - bypassed,val
CHEMBL5981638,COCCN1Cc2cc(OC)c(C(=O)Nc3cccc(-c4nnnn4[C@H](C)CO)n3)cc2S1(=O)=O,>2 rings causes RDKit C++ hang - bypassed,val
CHEMBL5901096,Cc1cc(F)c(C(=O)Nc2cccc(-c3nnnn3C(C)C)n2)cc1-c1ccc(C2CC2)s1,>2 rings causes RDKit C++ hang - bypassed,val
CHEMBL5983678,Cc1cc(F)c(C(=O)Nc2cccc(-c3nnnn3[C@H](C)CO)n2)cc1-c1ccc(C2CC2)s1,>2 rings causes RDKit C++ hang - bypassed,val
CHEMBL1642655,CC(C)(C)c1ccc(C(=O)Nc2cn3cc(-n4ccnc4)ccc3n2)cc1,>2 rings causes RDKit C++ hang - bypassed,val
CHEMBL2205636,CC(C)(O)c1ccc(C(=O)Nc2cn3cc(-n4ccnc4)ccc3n2)cc1,>2 rings causes RDKit C++ hang - bypassed,val
CHEMBL2205635,CC(C)(CO)c1ccc(C(=O)Nc2cn3cc(-n4ccnc4)ccc3n2)cc1,>2 rings causes RDKit C++ hang - bypassed,val
CHEMBL4778541,CC(C)(C)c1ccc(C(=O)Nc2cn3cc(-n4ccnc4)ccc3n2)cc1.Cl.Cl,>2 rings causes RDKit C++ hang - bypassed,val
CHEMBL5871212,CCOC(=O)N1Cc2cnc(C(=O)Nc3cccc(-c4nncn4C(C)C)n3)cc2C1,>2 rings causes RDKit C++ hang - bypassed,val
CHEMBL5829777,Cc1cc(F)c(C(=O)Nc2cccc(-c3nnnn3C(C)C)n2)cc1-c1cnn(C(C)C)c1,>2 rings causes RDKit C++ hang - bypassed,val
CHEMBL6047520,Cc1cc(F)c(C(=O)Nc2cccc(-c3nnnn3[C@H](C)CO)n2)cc1-c1cnn(C(C)C)c1,>2 rings causes RDKit C++ hang - bypassed,val
CHEMBL5913594,Cc1cc(F)c(C(=O)Nc2cccc(-c3nnnn3C(C)C)n2)cc1-c1cnn(C(C)(C)C)c1,>2 rings causes RDKit C++ hang - bypassed,val
CHEMBL5852457,Cc1cc(F)c(C(=O)Nc2cccc(-c3nnnn3[C@H](C)CO)n2)cc1-c1cnn(C(C)(C)C)c1,>2 rings causes RDKit C++ hang - bypassed,val
CHEMBL6018864,Cc1cc(F)c(C(=O)Nc2cccc(-c3nnnn3C(C)C)n2)cc1-c1cnn(C(F)(F)F)c1,>2 rings causes RDKit C++ hang - bypassed,val
CHEMBL5932912,Cc1cc(F)c(C(=O)Nc2cccc(-c3nnnn3[C@H](C)CO)n2)cc1-c1cnn(C(F)(F)F)c1,>2 rings causes RDKit C++ hang - bypassed,val
CHEMBL5777126,COc1cc(C)c(-c2cnn(C)c2)cc1C(=O)Nc1cccc(-c2nnnn2C(C)C)n1,>2 rings causes RDKit C++ hang - bypassed,val
CHEMBL5948082,C[C@H](CO)n1nnnc1-c1cccc(NC(=O)c2cc3c(cc2F)CCN(c2ccccn2)C3)n1,>2 rings causes RDKit C++ hang - bypassed,val
CHEMBL5785471,CC(C)n1cnnc1-c1cccc(NC(=O)c2ccc3nccnc3c2)n1,>2 rings causes RDKit C++ hang - bypassed,val
CHEMBL5820360,CC(C)Nc1nc2cc(C(=O)Nc3cccc(-c4nncn4C(C)C)n3)ccc2nc1OC(C)C,>2 rings causes RDKit C++ hang - bypassed,val
CHEMBL5941751,COc1nc2ccc(C(=O)Nc3cccc(-c4nncn4C(C)C)n3)cc2nc1NC(C)C,>2 rings causes RDKit C++ hang - bypassed,val
CHEMBL5851502,CC(C)Oc1nc2cc(F)c(C(=O)Nc3cccc(-c4nncn4C(C)C)n3)cc2nc1OC(C)C,>2 rings causes RDKit C++ hang - bypassed,val
CHEMBL5881417,CC(C)CN(C)c1nc2cc(C(=O)Nc3cccc(-c4nncn4C(C)C)n3)c(F)cc2nc1OC(C)C,>2 rings causes RDKit C++ hang - bypassed,val
CHEMBL6020598,CC(C)Nc1nc2cc(C(=O)Nc3cccc(-c4nncn4C(C)C)n3)c(F)cc2nc1OC(C)C,>2 rings causes RDKit C++ hang - bypassed,val
CHEMBL4640860,CC(C)n1cnnc1-c1cccc(NC(=O)c2cnn(C)c2)n1,>2 rings causes RDKit C++ hang - bypassed,val
CHEMBL4643577,COc1nn(C)cc1C(=O)Nc1cccc(-c2nncn2C(C)C)n1,>2 rings causes RDKit C++ hang - bypassed,val
CHEMBL4640063,CCn1cc(C(=O)Nc2cccc(-c3nncn3C(C)C)n2)c(OC)n1,>2 rings causes RDKit C++ hang - bypassed,val
CHEMBL4641264,COCCn1cc(C(=O)Nc2cccc(-c3nncn3C(C)C)n2)c(OC)n1,>2 rings causes RDKit C++ hang - bypassed,val
CHEMBL4865259,COc1nn(C)cc1C(=O)Nc1cccc(-c2nncn2C(C)CO)n1,>2 rings causes RDKit C++ hang - bypassed,val
CHEMBL4867144,COC[C@@H](C)n1cnnc1-c1cccc(NC(=O)c2cn(C)nc2OC)n1,>2 rings causes RDKit C++ hang - bypassed,val
CHEMBL4867281,COC[C@H](C)n1cnnc1-c1cccc(NC(=O)c2cn(C)nc2OC)n1,>2 rings causes RDKit C++ hang - bypassed,val
CHEMBL4857053,COc1nn(C)cc1C(=O)Nc1cccc(-c2nncn2C(C)C(F)(F)F)n1,>2 rings causes RDKit C++ hang - bypassed,val
CHEMBL4860819,COc1nn(C)cc1C(=O)Nc1cccc(-c2nncn2[C@@H](C)C(F)(F)F)n1,>2 rings causes RDKit C++ hang - bypassed,val
CHEMBL4863056,COc1nn(C)cc1C(=O)Nc1cccc(-c2nncn2[C@H](C)C(F)(F)F)n1,>2 rings causes RDKit C++ hang - bypassed,val
CHEMBL4864439,COc1nn(C)cc1C(=O)Nc1cccc(-c2nncn2[C@H](C)C(F)F)n1,>2 rings causes RDKit C++ hang - bypassed,val
CHEMBL4878163,COc1nn(C)cc1C(=O)Nc1cccc(-c2nncn2[C@@H](C)C(F)F)n1,>2 rings causes RDKit C++ hang - bypassed,val
CHEMBL4857751,CCn1cc(C(=O)Nc2cccc(-c3nncn3[C@@H](C)C(F)(F)F)n2)c(OC)n1,>2 rings causes RDKit C++ hang - bypassed,val
CHEMBL4862258,COc1nn(CC(F)(F)F)cc1C(=O)Nc1cccc(-c2nncn2[C@@H](C)C(F)(F)F)n1,>2 rings causes RDKit C++ hang - bypassed,val
CHEMBL4850048,COCCn1cc(C(=O)Nc2cccc(-c3nncn3[C@@H](C)C(F)(F)F)n2)c(OC)n1,>2 rings causes RDKit C++ hang - bypassed,val
CHEMBL4642251,COc1nn(-c2cncc(C3CC3)c2)cc1C(=O)Nc1cccc(-c2nncn2C(C)C)n1,>2 rings causes RDKit C++ hang - bypassed,val
CHEMBL5956137,Cc1cc2ncn(-c3cccc(-c4nncn4C(C)C)n3)c(=O)c2cc1-c1ccc(C(C)C)nc1,>2 rings causes RDKit C++ hang - bypassed,val
CHEMBL5946760,Cc1cc(F)c(C(=O)Nc2cccc3c2OC2(CCC2)Cn2nnnc2-3)cc1-n1cnc(C2CC2)c1,Spiro atoms cause C++ RDKit hang,val
CHEMBL6043887,C[C@H](CO)n1cnnc1-c1cccc(NC(=O)c2cc3c(cc2F)CCN(C(=O)OC2CC2)C3)n1,>2 rings causes RDKit C++ hang - bypassed,val
CHEMBL5774886,CC(C)n1cnnc1-c1cccc(NC(=O)c2cccc(Oc3cc(C#N)cc(C(F)(F)F)n3)c2)n1,>2 rings causes RDKit C++ hang - bypassed,val
CHEMBL6035305,CC(C)n1cnnc1-c1cccc(NC(=O)c2cccc(Oc3cc(C(=O)O)cc(C(F)(F)F)n3)c2)n1,>2 rings causes RDKit C++ hang - bypassed,val
CHEMBL5780044,CC(C)n1cnnc1-c1cccc(NC(=O)c2cc(Oc3ccccn3)ccc2F)n1,>2 rings causes RDKit C++ hang - bypassed,val
CHEMBL5790139,CC(C)n1cnnc1-c1cccc(NC(=O)c2cccc(Oc3cc(CN)cc(C(F)(F)F)n3)c2)n1,>2 rings causes RDKit C++ hang - bypassed,val
CHEMBL5924104,CC(C)n1cnnc1-c1cccc(NC(=O)c2cc(Oc3cccc(Br)n3)ccc2F)n1,>2 rings causes RDKit C++ hang - bypassed,val
CHEMBL5921345,CC(C)n1cnnc1-c1cccc(NC(=O)c2cc(Oc3ccc(Br)cn3)ccc2F)n1,>2 rings causes RDKit C++ hang - bypassed,val
CHEMBL4745716,CC(C)n1cnnc1-c1cccc(NC(=O)Nc2ccncc2)n1,>2 rings causes RDKit C++ hang - bypassed,val
CHEMBL5895345,CC(C)n1cnnc1-c1cccc(N2Cc3ccc(-c4cc(-c5nn[nH]n5)ccc4F)cc3C2=O)n1,>2 rings causes RDKit C++ hang - bypassed,val
CHEMBL5932890,CC(C)n1cnnc1-c1cccc(NC(=O)c2cc3c(cc2F)CCN(c2ncccn2)C3)n1,>2 rings causes RDKit C++ hang - bypassed,val
CHEMBL5795798,CC(C)Oc1nc2cc(F)c(C(=O)Nc3cccc(-c4nnnn4C(C)C)n3)cc2nc1N(C)C(C)C,>2 rings causes RDKit C++ hang - bypassed,val
CHEMBL5900080,CC(C)Oc1nc2cc(F)c(C(=O)Nc3cccc(-c4nnnn4C(C)C)n3)cc2nc1OC(C)C,>2 rings causes RDKit C++ hang - bypassed,val
CHEMBL5818758,CC(C)CN(C)c1nc2cc(C(=O)Nc3cccc(-c4nnnn4C(C)C)n3)c(F)cc2nc1OC(C)C,>2 rings causes RDKit C++ hang - bypassed,val
CHEMBL5960920,CC(C)Nc1nc2cc(C(=O)Nc3cccc(-c4nnnn4C(C)C)n3)c(F)cc2nc1OC(C)C,>2 rings causes RDKit C++ hang - bypassed,val
CHEMBL5809212,CC(C)Nc1nc2cc(C(=O)Nc3cccc(-c4nnnn4[C@@H](C)CO)n3)c(F)cc2nc1OC(C)C,>2 rings causes RDKit C++ hang - bypassed,val
CHEMBL5750746,C[C@@H]1COc2c(NC(=O)c3cc(-n4cnc(C5CC5)c4)ccn3)cccc2-c2nnnn21,>2 rings causes RDKit C++ hang - bypassed,val
CHEMBL5769293,C[C@H]1COc2c(NC(=O)c3cc(-n4cnc(C5CC5)c4)ccn3)cccc2-c2nnnn21,>2 rings causes RDKit C++ hang - bypassed,val
CHEMBL5940268,O=C(Nc1cccc2c1OC[C@@H](CO)n1nnnc1-2)c1cc(-n2cnc(C3CC3)c2)ccn1,>2 rings causes RDKit C++ hang - bypassed,val
CHEMBL5968368,O=C(Nc1cccc2c1OC[C@H](CO)n1nnnc1-2)c1cc(-n2cnc(C3CC3)c2)ccn1,>2 rings causes RDKit C++ hang - bypassed,val
CHEMBL5762452,O=C(Nc1cccc2c1OC[C@H](CF)n1nnnc1-2)c1cc(-n2cnc(C3CC3)c2)ccn1,>2 rings causes RDKit C++ hang - bypassed,val
CHEMBL5858494,O=C(Nc1cccc2c1OC[C@@H](CF)n1nnnc1-2)c1cc(-n2cnc(C3CC3)c2)ccn1,>2 rings causes RDKit C++ hang - bypassed,val
CHEMBL5747375,O=C(Nc1cccc2c1OCCn1nnnc1-2)c1cc(-n2cnc(C3CC3)c2)ccn1,>2 rings causes RDKit C++ hang - bypassed,val
CHEMBL5993044,CN(C)c1cnc(C(=O)Nc2cccc3c2OCCn2nnnc2-3)cc1-n1cnc(C2CC2)c1,>2 rings causes RDKit C++ hang - bypassed,val
CHEMBL6002351,CC(C)Oc1cnc(C(=O)Nc2cccc3c2OCCn2nnnc2-3)cc1-n1cnc(C2CC2)c1,>2 rings causes RDKit C++ hang - bypassed,val
CHEMBL5919456,CC(C)Oc1cnc(C(=O)Nc2cccc3c2OC[C@@H](C)n2nnnc2-3)cc1-n1cnc(C2CC2)c1,>2 rings causes RDKit C++ hang - bypassed,val
CHEMBL6037506,CC(C)Oc1cnc(C(=O)Nc2cccc3c2OC[C@H](C)n2nnnc2-3)cc1-n1cnc(C2CC2)c1,>2 rings causes RDKit C++ hang - bypassed,val
CHEMBL5908420,CC(C)n1nnnc1-c1cccc(NC(=O)c2cc(-n3cnc(C4CC4)c3)c(N3CCOCC3)cn2)n1,>2 rings causes RDKit C++ hang - bypassed,val
CHEMBL5796236,C[C@H]1CCOc2cc(F)c(C#CC3(C)COC3)cc2C(=O)Nc2cccc(n2)-c2nncn2C1,Bridgehead atoms cause C++ RDKit hang,val
CHEMBL5963113,Cc1cc2ncn(-c3cccc(-c4nncn4C4CCCC4)n3)c(=O)c2cc1-n1cnc(C2CC2)c1,>2 rings causes RDKit C++ hang - bypassed,val
CHEMBL6015054,Cc1cnc(C(=O)Nc2cccc(-c3nnnn3C(C)C)n2)cc1-n1cnc(C(C)(C)C)c1,>2 rings causes RDKit C++ hang - bypassed,val
CHEMBL5811119,CC[C@@H](C)n1nnnc1-c1cccc(NC(=O)c2cc(-n3cnc(C(C)(C)C)c3)c(C)cn2)n1,>2 rings causes RDKit C++ hang - bypassed,val
CHEMBL5797949,Cc1cnc(C(=O)Nc2cccc(-c3nnnn3[C@H](C)CO)n2)cc1-n1cnc(C(C)(C)C)c1,>2 rings causes RDKit C++ hang - bypassed,val
CHEMBL5782278,Cc1cnc(C(=O)Nc2cccc(-c3nnnn3C(C)C)n2)cc1-n1cnc(C(F)(F)F)c1,>2 rings causes RDKit C++ hang - bypassed,val
CHEMBL5888137,Cc1cnc(C(=O)Nc2cccc(-c3nnnn3[C@H](C)CO)n2)cc1-n1cnc(C(F)(F)F)c1,>2 rings causes RDKit C++ hang - bypassed,val
CHEMBL6062489,CC(C)n1cnnc1-c1cccc(NC(=O)c2cc3c(cn2)CCN(C(=O)C(C)(C)C)C3)n1,>2 rings causes RDKit C++ hang - bypassed,val
CHEMBL5892376,CC(C)n1cnnc1-c1cccc(NC(=O)c2cc3c(cn2)CCN(S(=O)(=O)N(C)C)C3)n1,>2 rings causes RDKit C++ hang - bypassed,val
CHEMBL6002597,CC(C)CN1CCc2cnc(C(=O)Nc3cccc(-c4nncn4C(C)C)n3)cc2C1,>2 rings causes RDKit C++ hang - bypassed,val
CHEMBL5785846,CCOC(=O)N1CCc2cnc(C(=O)Nc3cccc(-c4nncn4C(C)C)n3)cc2C1,>2 rings causes RDKit C++ hang - bypassed,val
CHEMBL5746633,CC(C)n1cnnc1-c1cccc(NC(=O)c2cc3c(cn2)CCN(C(=O)OCC(F)(F)F)C3)n1,>2 rings causes RDKit C++ hang - bypassed,val
CHEMBL6000119,C[C@H](CO)n1cnnc1-c1cccc(NC(=O)c2cc3c(cn2)CCN(S(=O)(=O)N(C)C)C3)n1,>2 rings causes RDKit C++ hang - bypassed,val
CHEMBL5873148,CC(C)CN1CCc2cnc(C(=O)Nc3cccc(-c4nncn4[C@H](C)CO)n3)cc2C1,>2 rings causes RDKit C++ hang - bypassed,val
CHEMBL5893290,CCNC(=O)N1CCc2cnc(C(=O)Nc3cccc(-c4nncn4[C@H](C)CO)n3)cc2C1,>2 rings causes RDKit C++ hang - bypassed,val
CHEMBL5898653,C[C@H](CO)n1cnnc1-c1cccc(NC(=O)c2cc3c(cn2)CCN(C(=O)OCC(F)(F)F)C3)n1,>2 rings causes RDKit C++ hang - bypassed,val
CHEMBL5825513,CCOC(=O)N1CCc2cnc(C(=O)Nc3cccc(-c4nncn4[C@H](C)CO)n3)cc2C1,>2 rings causes RDKit C++ hang - bypassed,val
CHEMBL4750505,CC(C)n1cnnc1-c1cccc(NC(=O)Nc2ccccc2)n1,>2 rings causes RDKit C++ hang - bypassed,val
CHEMBL4208855,CC(=O)Nc1cccc(Nc2ncc3cc(-c4cccc(N)c4)ccc3n2)c1,>2 rings causes RDKit C++ hang - bypassed,val
CHEMBL4215465,Nc1cccc(Nc2ncc3cc(-c4cccc(N)c4)ccc3n2)c1,>2 rings causes RDKit C++ hang - bypassed,val
CHEMBL5424950,O=C(Nc1cccc(-c2nncn2C2CC2)n1)c1cc(-c2cnn(C3CC3)c2)cn(Cc2ccccc2F)c1=O,>2 rings causes RDKit C++ hang - bypassed,val
CHEMBL5879519,O=C1c2cc(-c3ccc(C4(C(=O)O)CC4)cc3)ccc2CN1c1cccc(-c2nncn2C2CC2)n1,>2 rings causes RDKit C++ hang - bypassed,val
CHEMBL5907871,COc1cc2c(cc1C(=O)Nc1cccc(-c3nnnn3[C@H](C)CO)n1)CN(c1ncccn1)CC2,>2 rings causes RDKit C++ hang - bypassed,val
CHEMBL5964041,C[C@H](CO)n1nnnc1-c1cccc(NC(=O)c2cc3c(cc2F)CCN(c2ncccn2)C3)n1,>2 rings causes RDKit C++ hang - bypassed,val
CHEMBL5934383,COc1cc2c(cc1C(=O)Nc1cccc(-c3nnnn3[C@H](C)CO)n1)CN(c1ncc(F)cn1)CC2,>2 rings causes RDKit C++ hang - bypassed,val
CHEMBL5984808,CC(C)n1cnnc1-c1cccc(-n2cnc3cc(-c4ccsc4)c(-n4cnc(C5CC5)c4)cc3c2=O)n1,>2 rings causes RDKit C++ hang - bypassed,val
CHEMBL4851478,c1cc(-c2n[nH]c3ccc(-c4cn[nH]c4)cc23)cc(-n2cnc(C3CC3)c2)c1,>2 rings causes RDKit C++ hang - bypassed,val
CHEMBL5753218,CCc1sc(C(=O)O)cc1-c1ccc2c(c1)C(=O)N(c1cccc(-c3nncn3C(C)C)n1)C2,>2 rings causes RDKit C++ hang - bypassed,val
CHEMBL5884989,Cc1ncc(-c2cc(C(=O)Nc3cccc(-c4nnnn4C(C)C)n3)ncc2C)s1,>2 rings causes RDKit C++ hang - bypassed,val
CHEMBL5924612,O=C1Nc2cccc(n2)-c2nncn2CCCCOc2ccc(-n3cnc(C4CC4)c3)cc21,Bridgehead atoms cause C++ RDKit hang,val
CHEMBL5793456,CC(C)n1cnnc1-c1cccc(NC(=O)c2cc(Oc3cccc(C4CC4)n3)ccc2F)n1,>2 rings causes RDKit C++ hang - bypassed,val
CHEMBL5777585,CC(C)n1nnnc1-c1cccc(NC(=O)c2cc3c(cc2F)CCN(C(=O)N2CCSCC2)C3)n1,>2 rings causes RDKit C++ hang - bypassed,val
CHEMBL5902739,CC(C)n1cnnc1-c1cccc(N2Cc3ccc(-c4ccc(-c5nn[nH]n5)cc4)cc3C2=O)n1,>2 rings causes RDKit C++ hang - bypassed,val
CHEMBL3687973,C[C@H](n1cnnc1-c1nc(NC(=O)c2cc(-n3cnc(C4CC4)c3)c(N3CCN(C)CC3)cn2)cs1)C(F)(F)F,>2 rings causes RDKit C++ hang - bypassed,val
CHEMBL3902880,C[C@H](n1cnnc1-c1nc(NC(=O)c2cc(-n3cnc(C4CC4)c3)c(N3CCN(CC(F)(F)F)CC3)cn2)cs1)C(F)(F)F,>2 rings causes RDKit C++ hang - bypassed,val
CHEMBL5542246,Cc1cc(F)c(C(=O)Nc2cccc(-c3nnc4n3CCCC4)n2)cc1-n1cc(C2CC2)nn1,>2 rings causes RDKit C++ hang - bypassed,val
CHEMBL3960900,CC(C)n1cnnc1-c1cccc(NC(=O)c2ccccc2)n1,>2 rings causes RDKit C++ hang - bypassed,val
CHEMBL3891901,Cc1ccc(C(=O)Nc2cccc(-c3nncn3C(C)C)n2)c(F)c1,>2 rings causes RDKit C++ hang - bypassed,val
CHEMBL4278211,COc1ccc(S(N)(=O)=O)cc1C(=O)Nc1cccc(-c2nncn2C(C)C)n1,>2 rings causes RDKit C++ hang - bypassed,val
CHEMBL4286123,CCS(=O)(=O)Nc1cccc(C(=O)Nc2cccc(-c3nncn3C(C)C)n2)c1,>2 rings causes RDKit C++ hang - bypassed,val
CHEMBL4293924,CC(C)n1cnnc1-c1cccc(NC(=O)c2cccc(C(N)=O)c2)n1,>2 rings causes RDKit C++ hang - bypassed,val
CHEMBL4290518,CCS(=O)(=O)Nc1ccc(OC)c(C(=O)Nc2cccc(-c3nncn3C(C)C)n2)c1,>2 rings causes RDKit C++ hang - bypassed,val
CHEMBL4282644,COc1ccc(C(N)=O)cc1C(=O)Nc1cccc(-c2nncn2C(C)C)n1,>2 rings causes RDKit C++ hang - bypassed,val
CHEMBL4287097,COc1ccc(S(C)(=O)=O)cc1C(=O)Nc1cccc(-c2nncn2C(C)C)n1,>2 rings causes RDKit C++ hang - bypassed,val
CHEMBL4279174,CNC(=O)c1ccc(OC)c(C(=O)Nc2cccc(-c3nncn3C(C)C)n2)c1,>2 rings causes RDKit C++ hang - bypassed,val
CHEMBL4283739,COc1cc(C)c(S(N)(=O)=O)cc1C(=O)Nc1cccc(-c2nncn2C(C)C)n1,>2 rings causes RDKit C++ hang - bypassed,val
CHEMBL4294318,COc1cc(C)c(C(N)=O)cc1C(=O)Nc1cccc(-c2nncn2C(C)C)n1,>2 rings causes RDKit C++ hang - bypassed,val
CHEMBL4289040,COc1cc(C)c(S(C)(=O)=O)cc1C(=O)Nc1cccc(-c2nncn2C(C)C)n1,>2 rings causes RDKit C++ hang - bypassed,val
CHEMBL4451125,CC(C)n1cnnc1-c1cccc(NC(=O)c2ccccc2F)n1,>2 rings causes RDKit C++ hang - bypassed,val
CHEMBL4521694,COc1ccccc1C(=O)Nc1cccc(-c2nncn2C)n1,>2 rings causes RDKit C++ hang - bypassed,val
CHEMBL4551282,COc1ccccc1C(=O)Nc1cccc(-c2nncn2C(C)C)n1,>2 rings causes RDKit C++ hang - bypassed,val
CHEMBL4861953,COc1ccccc1C(=O)Nc1cccc(-c2nncn2[C@@H](C)C(F)(F)F)n1,>2 rings causes RDKit C++ hang - bypassed,val
CHEMBL5910458,CC(C)N1Cc2ccc(C(=O)Nc3cccc(-c4nnnn4C(C)C)n3)cc2C1=O,>2 rings causes RDKit C++ hang - bypassed,val
CHEMBL5999463,COc1cc2c(cc1C(=O)Nc1cccc(-c3nnnn3C(C)C)n1)C(=O)N(C(C)C)C2,>2 rings causes RDKit C++ hang - bypassed,val
CHEMBL5818524,CC(C)N1Cc2cc(F)c(C(=O)Nc3cccc(-c4nnnn4C(C)C)n3)cc2C1=O,>2 rings causes RDKit C++ hang - bypassed,val
CHEMBL3402490,CCOc1ccc(C2C(C(=O)c3cccs3)=C(O)C(=O)N2c2nc3ccc(C)cc3s2)cc1,>2 rings causes RDKit C++ hang - bypassed,val
CHEMBL5833886,O=C(O)CC1CCN(c2ccc3c(c2)C(=O)N(c2cccc(-c4nncn4C4CC4)n2)C3)CC1,>2 rings causes RDKit C++ hang - bypassed,val
CHEMBL5801950,O=C(O)C1CCCN(c2ccc3c(c2)C(=O)N(c2cccc(-c4nncn4C4CC4)n2)C3)C1,>2 rings causes RDKit C++ hang - bypassed,val
CHEMBL2205634,CC(C)(C)c1ccc(C(=O)Nc2cn3cc(-n4cccc4)ccc3n2)cc1,>2 rings causes RDKit C++ hang - bypassed,val
CHEMBL5970861,O=C1Nc2cccc(n2)-c2nncn2CCCCOc2ccc(N3CCCC(F)(F)C3)cc21,Bridgehead atoms cause C++ RDKit hang,val
CHEMBL5741453,O=C1Nc2cccc(n2)-c2nncn2CCCCOc2ccc(N3CCC(F)(F)CC3)cc21,Bridgehead atoms cause C++ RDKit hang,val
CHEMBL5827023,Cc1cc(F)c(C(=O)Nc2cccc(-c3nnnn3C(C)C)n2)cc1-c1cc(C2CC2)on1,>2 rings causes RDKit C++ hang - bypassed,val
CHEMBL5972583,O=C(Nc1cccc2c1OCC1(CC1)n1nnnc1-2)c1cc(-n2cnc(C3CC3)c2)c(N2CCOCC2)cn1,Spiro atoms cause C++ RDKit hang,val
CHEMBL6038061,O=C1Nc2cccc(n2)-c2nncn2C/C=C\CCOc2cc(F)c(N3CCOCC3)cc21,Bridgehead atoms cause C++ RDKit hang,val
CHEMBL5976526,COc1cc2c(cc1C(=O)Nc1cccc(-c3nnnn3[C@H](C)CO)n1)CN(C(=O)c1cc3ccccc3cn1)CC2,>2 rings causes RDKit C++ hang - bypassed,val
CHEMBL4753192,CC(C)n1cnnc1-c1cccc(NC(=O)Nc2cc(C3CC3)n[nH]2)n1,>2 rings causes RDKit C++ hang - bypassed,val
CHEMBL4792461,CC(C)n1cnnc1-c1cccc(NC(=O)Nc2cc(C3CC3)nn2C)n1,>2 rings causes RDKit C++ hang - bypassed,val
CHEMBL5823323,Cn1ccnc1-c1ccc2c(c1)C(=O)N(c1cccc(-c3nncn3C3CC3)n1)C2,>2 rings causes RDKit C++ hang - bypassed,val
CHEMBL6012684,Cc1cc(F)c(C(=O)Nc2cccc(-c3nnc4n3[C@H](C)CC4)n2)cc1-n1cnc(C(C)C)c1,>2 rings causes RDKit C++ hang - bypassed,val
CHEMBL6045865,Cc1cc(F)c(C(=O)Nc2cccc(-c3nnc4n3[C@@H](C)CC4)n2)cc1-n1cnc(C(C)C)c1,>2 rings causes RDKit C++ hang - bypassed,val
CHEMBL5958731,Cc1cc(F)c(C(=O)Nc2cccc(-c3nnc4n3[C@H](C)CC4)n2)cc1-n1cnc(C(C)(C)C)c1,>2 rings causes RDKit C++ hang - bypassed,val
CHEMBL5745604,Cc1cc(F)c(C(=O)Nc2cccc(-c3nnc4n3[C@@H](C)CC4)n2)cc1-n1cnc(C(C)(C)C)c1,>2 rings causes RDKit C++ hang - bypassed,val
CHEMBL5903231,C[C@H](CO)n1nnnc1-c1cccc(NC(=O)c2cc3c(cn2)CCN(C(=O)c2cnn(C4CC4)c2)C3)n1,>2 rings causes RDKit C++ hang - bypassed,val
CHEMBL5935817,CC(C)n1cnnc1-c1cccc(NC(=O)c2ccc3ccc(N4CC5CCC(C4)O5)nc3c2)n1,Bridgehead atoms cause C++ RDKit hang,val
CHEMBL4878127,c1cc(-c2n[nH]c3ccc(-c4nncn4C4CCCCC4)cc23)cc(-n2cnc(C3CC3)c2)c1,>2 rings causes RDKit C++ hang - bypassed,val
CHEMBL5852297,CC(C)n1cnnc1-c1cccc(N2Cc3ccc(-c4ccc(-n5ncc(C(=O)O)c5N)cc4)cc3C2=O)n1,>2 rings causes RDKit C++ hang - bypassed,val
CHEMBL5968047,CCOC(=O)N1CCc2cnc(C(=O)Nc3cccc(-c4nnc5n4CCCC5)n3)cc2C1,>2 rings causes RDKit C++ hang - bypassed,val
CHEMBL5829602,CC(C)n1cnnc1-c1cccc(NC(=O)c2cc3cc(N4CCCCC4)ccc3cn2)n1,>2 rings causes RDKit C++ hang - bypassed,val
CHEMBL5561248,CC(C)n1cnnc1-c1cccc(C(=O)Nc2cc(-n3cnc(C4CC4)c3)ccn2)n1,>2 rings causes RDKit C++ hang - bypassed,val
CHEMBL5840263,O=C(Nc1cccc2c1OCC1(CC1)n1cnnc1-2)c1cc(-n2cnc(C3CC3)c2)c(N2CCOCC2)cn1,Spiro atoms cause C++ RDKit hang,val
CHEMBL5432766,CC(C)n1cnnc1-c1cccc(NC(=O)c2cc3c(C(F)(F)F)nn(C)c3nc2OCc2ccccc2F)n1,>2 rings causes RDKit C++ hang - bypassed,val
CHEMBL5995450,CCOC(=O)N1CCc2cc(OC)c(C(=O)Nc3cccc(-c4nnc5n4C(C)(C)CC5)n3)cc2C1,>2 rings causes RDKit C++ hang - bypassed,val
CHEMBL5785432,CCOC(=O)N1CCc2cc(OC)c(C(=O)Nc3cccc(-c4nnc5n4[C@H](C)CC5)n3)cc2C1,>2 rings causes RDKit C++ hang - bypassed,val
CHEMBL5757473,CCOC(=O)N1CCc2cc(OC)c(C(=O)Nc3cccc(-c4nnc5n4[C@@H](C)CC5)n3)cc2C1,>2 rings causes RDKit C++ hang - bypassed,val
CHEMBL6051246,CCOC(=O)N1CCc2cc(F)c(C(=O)Nc3cccc(-c4nnc5n4CCC5)n3)cc2C1,>2 rings causes RDKit C++ hang - bypassed,val
CHEMBL5848967,CCOC(=O)N1CCc2cc(F)c(C(=O)Nc3cccc(-c4nnc5n4C(C)(C)CC5)n3)cc2C1,>2 rings causes RDKit C++ hang - bypassed,val
CHEMBL6037570,CCOC(=O)N1CCc2cc(F)c(C(=O)Nc3cccc(-c4nnc5n4[C@H](C)CC5)n3)cc2C1,>2 rings causes RDKit C++ hang - bypassed,val
CHEMBL5901808,CCOC(=O)N1CCc2cc(F)c(C(=O)Nc3cccc(-c4nnc5n4[C@@H](C)CC5)n3)cc2C1,>2 rings causes RDKit C++ hang - bypassed,val
CHEMBL5947822,COc1cc2c(cc1C(=O)Nc1cccc(-c3nnc4n3C(C)(C)CC4)n1)CN(C(=O)OC(C)(C)C)CC2,>2 rings causes RDKit C++ hang - bypassed,val
CHEMBL6047805,COCOC(=O)N1CCc2cc(OC)c(C(=O)Nc3cccc(-c4nnc5n4C(C)(C)CC5)n3)cc2C1,>2 rings causes RDKit C++ hang - bypassed,val
CHEMBL5981623,COc1cc2c(cc1C(=O)Nc1cccc(-c3nnc4n3C(C)(C)CC4)n1)CN(C(=O)C(C)(C)CO)CC2,>2 rings causes RDKit C++ hang - bypassed,val
CHEMBL5956428,COc1cc2c(cc1C(=O)Nc1cccc(-c3nnc4n3C(C)(C)CC4)n1)CN(C(=O)C[C@H](C)O)CC2,>2 rings causes RDKit C++ hang - bypassed,val
CHEMBL5999083,COc1cc2c(cc1C(=O)Nc1cccc(-c3nnc4n3C(C)(C)CC4)n1)CN(C(=O)[C@@H](O)CC(C)C)CC2,>2 rings causes RDKit C++ hang - bypassed,val
CHEMBL5954522,COc1cc2c(cc1C(=O)Nc1cccc(-c3nnc4n3C(C)(C)CC4)n1)CN(C(=O)C(C)(C)O)CC2,>2 rings causes RDKit C++ hang - bypassed,val
CHEMBL5945502,CCOC(=O)N1CCc2cc(OC)c(C(=O)Nc3cccc(-c4nnc5n4CCC5)n3)cc2C1,>2 rings causes RDKit C++ hang - bypassed,val
CHEMBL6059828,O=C1c2cc(-c3ccccn3)ccc2CN1c1cccc(-c2nncn2C2CC2)n1,>2 rings causes RDKit C++ hang - bypassed,val
CHEMBL5881886,Cc1cc2ncn(-c3cccc(-c4nnc5n4CCCC5)n3)c(=O)c2cc1-n1cnc(C2CC2)c1,>2 rings causes RDKit C++ hang - bypassed,val
CHEMBL5986581,C[C@H](CO)n1nnnc1-c1cccc(NC(=O)c2cc3c(cn2)CCN(C(=O)OC2CC4CCC(C2)N4C)C3)n1,Bridgehead atoms cause C++ RDKit hang,val
CHEMBL5817216,CC(C)n1cnnc1-c1cccc(NC(=O)c2cc3cc(-n4cnc(C5CC5)c4)ccc3cn2)n1,>2 rings causes RDKit C++ hang - bypassed,val
CHEMBL4845717,CC(C)n1cnnc1-c1cccc(NC(=O)c2cc3cccc(-c4ccncc4)c3[nH]2)n1,>2 rings causes RDKit C++ hang - bypassed,val
CHEMBL5809435,CC(C)n1nnnc1-c1nc(NC(=O)c2cc(-c3cnn(C4CC4)c3)c(N3CCOCC3)cn2)cs1,>2 rings causes RDKit C++ hang - bypassed,val
CHEMBL5831110,Cc1cc(F)c(C(=O)Nc2cccc(-n3nnnc3C(C)C)n2)cc1-n1cnc(C2CC2)c1,>2 rings causes RDKit C++ hang - bypassed,val
CHEMBL6019102,Cc1cc2c(cc1-n1cnc(C3CC3)c1)C(=O)N(c1cccc(-c3nnc4n3CCC4)n1)CC2,>2 rings causes RDKit C++ hang - bypassed,val
CHEMBL6022403,CCNS(=O)(=O)N1CCc2cc(F)c(C(=O)Nc3cccc(-c4nncn4C(C)C)n3)cc2C1,>2 rings causes RDKit C++ hang - bypassed,val
CHEMBL5917564,COCCS(=O)(=O)N1CCc2cc(F)c(C(=O)Nc3cccc(-c4nncn4C(C)C)n3)cc2C1,>2 rings causes RDKit C++ hang - bypassed,val
CHEMBL5762633,COCCC(=O)N1CCc2cc(F)c(C(=O)Nc3cccc(-c4nncn4C(C)C)n3)cc2C1,>2 rings causes RDKit C++ hang - bypassed,val
CHEMBL5967001,CCOC(=O)N1CCc2cc(F)c(C(=O)Nc3cccc(-c4nncn4C(C)C)n3)cc2C1,>2 rings causes RDKit C++ hang - bypassed,val
CHEMBL6045666,CC(C)n1cnnc1-c1cccc(NC(=O)c2cc3c(cc2F)CCNC3)n1,>2 rings causes RDKit C++ hang - bypassed,val
CHEMBL5785115,C=CCNC(=O)N1CCc2ccc(C(=O)Nc3cccc(-c4nncn4C(C)C)n3)cc2C1,>2 rings causes RDKit C++ hang - bypassed,val
CHEMBL5859082,CCCOC(=O)N1CCc2ccc(C(=O)Nc3cccc(-c4nncn4C(C)C)n3)cc2C1,>2 rings causes RDKit C++ hang - bypassed,val
CHEMBL5773102,CCOC(=O)N1CCc2ccc(C(=O)Nc3cccc(-c4nncn4C(C)C)n3)cc2C1,>2 rings causes RDKit C++ hang - bypassed,val
CHEMBL5869970,CC(C)n1cnnc1-c1cccc(NC(=O)c2ccc3c(c2)CNCC3)n1,>2 rings causes RDKit C++ hang - bypassed,val
CHEMBL5937499,COCCCN1CCc2ccc(C(=O)Nc3cccc(-c4nncn4C(C)C)n3)cc2C1,>2 rings causes RDKit C++ hang - bypassed,val
CHEMBL5894906,C=CCN1CCc2ccc(C(=O)Nc3cccc(-c4nncn4C(C)C)n3)cc2C1,>2 rings causes RDKit C++ hang - bypassed,val
CHEMBL5975701,CCN(CC)C(=O)N1CCc2cc(F)c(C(=O)Nc3cccc(-c4nncn4C(C)C)n3)cc2C1,>2 rings causes RDKit C++ hang - bypassed,val
CHEMBL5936429,CC(C)CS(=O)(=O)N1CCc2cc(F)c(C(=O)Nc3cccc(-c4nncn4C(C)C)n3)cc2C1,>2 rings causes RDKit C++ hang - bypassed,val
CHEMBL5891265,CCN(C)C(=O)N1CCc2cc(F)c(C(=O)Nc3cccc(-c4nncn4C(C)C)n3)cc2C1,>2 rings causes RDKit C++ hang - bypassed,val
CHEMBL5930541,CC(C)n1cnnc1-c1cccc(NC(=O)c2cc3c(cc2F)CCN(S(=O)(=O)CCC(F)(F)F)C3)n1,>2 rings causes RDKit C++ hang - bypassed,val
CHEMBL5852761,CC(C)n1cnnc1-c1cccc(NC(=O)c2cc3c(cc2F)CCN(C(=O)N(C)C)C3)n1,>2 rings causes RDKit C++ hang - bypassed,val
CHEMBL5820965,CC(C)n1cnnc1-c1cccc(NC(=O)c2cc3c(cc2F)CCN(S(=O)(=O)N(C)C)C3)n1,>2 rings causes RDKit C++ hang - bypassed,val
CHEMBL5823696,CCNC(=O)N1CCc2cc(F)c(C(=O)Nc3cccc(-c4nncn4C(C)C)n3)cc2C1,>2 rings causes RDKit C++ hang - bypassed,val
CHEMBL5956008,C=CCOC(=O)N1CCc2ccc(C(=O)Nc3cccc(-c4nncn4C(C)C)n3)cc2C1,>2 rings causes RDKit C++ hang - bypassed,val
CHEMBL5804357,COCCC(=O)N1CCc2ccc(C(=O)Nc3cccc(-c4nncn4C(C)C)n3)cc2C1,>2 rings causes RDKit C++ hang - bypassed,val
CHEMBL5910258,CCCCNC(=O)N1CCc2ccc(C(=O)Nc3cccc(-c4nncn4C(C)C)n3)cc2C1,>2 rings causes RDKit C++ hang - bypassed,val
CHEMBL5867637,CCNC(=O)N1CCc2ccc(C(=O)Nc3cccc(-c4nncn4C(C)C)n3)cc2C1,>2 rings causes RDKit C++ hang - bypassed,val
CHEMBL6059789,C=CCCOC(=O)N1CCc2ccc(C(=O)Nc3cccc(-c4nncn4C(C)C)n3)cc2C1,>2 rings causes RDKit C++ hang - bypassed,val
CHEMBL5914168,CC(C)n1cnnc1-c1cccc(NC(=O)c2ccc3c(c2)CN(C(=O)OCCF)CC3)n1,>2 rings causes RDKit C++ hang - bypassed,val
CHEMBL6045712,CC(C)COC(=O)N1CCc2ccc(C(=O)Nc3cccc(-c4nncn4C(C)C)n3)cc2C1,>2 rings causes RDKit C++ hang - bypassed,val
CHEMBL5862265,CC(C)n1cnnc1-c1cccc(NC(=O)c2ccc3c(c2)CN(C(=O)OC(C)(C)C)CC3)n1,>2 rings causes RDKit C++ hang - bypassed,val
CHEMBL5845441,COc1cc2c(cc1C(=O)Nc1cccc(-c3nncn3C(C)C)n1)CN(C(=O)OC(C)(C)C)CC2,>2 rings causes RDKit C++ hang - bypassed,val
CHEMBL5825065,COc1cc2c(cc1C(=O)Nc1cccc(-c3nncn3C(C)C)n1)CN(C(=O)OC(C)C)CC2,>2 rings causes RDKit C++ hang - bypassed,val
CHEMBL5929931,COc1cc2c(cc1C(=O)Nc1cccc(-c3nncn3C(C)C)n1)CN(S(=O)(=O)CCC(F)(F)F)CC2,>2 rings causes RDKit C++ hang - bypassed,val
CHEMBL6031820,COc1cc2c(cc1C(=O)Nc1cccc(-c3nncn3C(C)C)n1)CN(C(C)C)CC2,>2 rings causes RDKit C++ hang - bypassed,val
CHEMBL5957973,CC(C)n1cnnc1-c1cccc(NC(=O)c2cc3c(cc2F)CCN(C(=O)OC(C)(C)C)C3)n1,>2 rings causes RDKit C++ hang - bypassed,val
CHEMBL5926938,COc1cc2c(cc1C(=O)Nc1cccc(-c3nncn3C(C)C)n1)CN(C(=O)C(C)(C)C)CC2,>2 rings causes RDKit C++ hang - bypassed,val
CHEMBL5971467,CCOC(=O)N1CCc2cc(OC)c(C(=O)Nc3cccc(-c4nncn4C(C)C)n3)cc2C1,>2 rings causes RDKit C++ hang - bypassed,val
CHEMBL6014852,COc1cc2c(cc1C(=O)Nc1cccc(-c3nncn3C(C)C)n1)CN(C(=O)OCC(F)(F)F)CC2,>2 rings causes RDKit C++ hang - bypassed,val
CHEMBL6054369,CCNC(=O)N1CCc2cc(OC)c(C(=O)Nc3cccc(-c4nncn4C(C)C)n3)cc2C1,>2 rings causes RDKit C++ hang - bypassed,val
CHEMBL5929680,COc1cc2c(cc1C(=O)Nc1cccc(-c3nncn3C(C)C)n1)CN(C)CC2,>2 rings causes RDKit C++ hang - bypassed,val
CHEMBL5901818,CC(C)n1cnnc1-c1cccc(NC(=O)c2cc3c(cc2F)CCN(C(=O)OCC(F)(F)F)C3)n1,>2 rings causes RDKit C++ hang - bypassed,val
CHEMBL5839931,CC(C)OC(=O)N1CCc2cc(F)c(C(=O)Nc3cccc(-c4nncn4[C@H](C)CO)n3)cc2C1,>2 rings causes RDKit C++ hang - bypassed,val
CHEMBL5774117,C[C@H](CO)n1cnnc1-c1cccc(NC(=O)c2cc3c(cc2F)CCN(C(=O)OCCF)C3)n1,>2 rings causes RDKit C++ hang - bypassed,val
CHEMBL5742812,CCOC(=O)N1CCc2cc(OC)c(C(=O)Nc3cccc(-c4nncn4[C@H](C)CO)n3)cc2C1,>2 rings causes RDKit C++ hang - bypassed,val
CHEMBL5995174,COc1cc2c(cc1C(=O)Nc1cccc(-c3nncn3[C@H](C)CO)n1)CN(C(=O)OCC(F)(F)F)CC2,>2 rings causes RDKit C++ hang - bypassed,val
CHEMBL5983276,C[C@H](CO)n1cnnc1-c1cccc(NC(=O)c2cc3c(cc2F)CCN(C(=O)N(C)C)C3)n1,>2 rings causes RDKit C++ hang - bypassed,val
CHEMBL5983728,C[C@H](CO)n1cnnc1-c1cccc(NC(=O)c2cc3c(cc2F)CCN(C)C3)n1,>2 rings causes RDKit C++ hang - bypassed,val
CHEMBL5747865,C[C@H](CO)n1cnnc1-c1cccc(NC(=O)c2cc3c(cc2F)CCN(C(=O)C(C)(C)C)C3)n1,>2 rings causes RDKit C++ hang - bypassed,val
CHEMBL6025672,C[C@H](CO)n1cnnc1-c1cccc(NC(=O)c2cc3c(cc2F)CCN(S(=O)(=O)CCC(F)(F)F)C3)n1,>2 rings causes RDKit C++ hang - bypassed,val
CHEMBL6016336,CCNC(=O)N1CCc2cc(OC)c(C(=O)Nc3cccc(-c4nncn4[C@H](C)CO)n3)cc2C1,>2 rings causes RDKit C++ hang - bypassed,val
CHEMBL5826309,COc1cc2c(cc1C(=O)Nc1cccc(-c3nncn3[C@H](C)CO)n1)CN(C)CC2,>2 rings causes RDKit C++ hang - bypassed,val
CHEMBL6047444,COc1cc2c(cc1C(=O)Nc1cccc(-c3nncn3[C@H](C)CO)n1)CN(C(=O)OC(C)(C)C)CC2,>2 rings causes RDKit C++ hang - bypassed,val
CHEMBL5918308,CC(C)COC(=O)N1CCc2cc(F)c(C(=O)Nc3cccc(-c4nncn4[C@H](C)CO)n3)cc2C1,>2 rings causes RDKit C++ hang - bypassed,val
CHEMBL5963801,COc1cc2c(cc1C(=O)Nc1cccc(-c3nncn3[C@H](C)CO)n1)CN(C(=O)OC(C)C)CC2,>2 rings causes RDKit C++ hang - bypassed,val
CHEMBL5928579,CCOC(=O)N1CCc2cc(F)c(C(=O)Nc3cccc(-c4nncn4[C@H](C)CO)n3)cc2C1,>2 rings causes RDKit C++ hang - bypassed,val
CHEMBL5922479,C[C@H](CO)n1cnnc1-c1cccc(NC(=O)c2cc3c(cc2F)CCN(C(=O)OCC(F)(F)F)C3)n1,>2 rings causes RDKit C++ hang - bypassed,val
CHEMBL5850326,CC(C)N1CCc2cc(F)c(C(=O)Nc3cccc(-c4nncn4[C@H](C)CO)n3)cc2C1,>2 rings causes RDKit C++ hang - bypassed,val
CHEMBL6059329,CCNC(=O)N1CCc2cc(F)c(C(=O)Nc3cccc(-c4nncn4[C@H](C)CO)n3)cc2C1,>2 rings causes RDKit C++ hang - bypassed,val
CHEMBL6056085,COc1cc2c(cc1C(=O)Nc1cccc(-c3nncn3[C@H](C)CO)n1)CN(S(=O)(=O)CCC(F)(F)F)CC2,>2 rings causes RDKit C++ hang - bypassed,val
CHEMBL6028243,COc1cc2c(cc1C(=O)Nc1cccc(-c3nncn3[C@H](C)CO)n1)CN(C(=O)C(C)(C)C)CC2,>2 rings causes RDKit C++ hang - bypassed,val
CHEMBL5886644,COc1cc2c(cc1C(=O)Nc1cccc(-c3nncn3[C@H](C)CO)n1)CN(C(C)C)CC2,>2 rings causes RDKit C++ hang - bypassed,val
CHEMBL5892873,CCOC(=O)N1CCc2cc(F)c(C(=O)Nc3cccc(-c4nncn4[C@H](C)CF)n3)cc2C1,>2 rings causes RDKit C++ hang - bypassed,val
CHEMBL6038566,CCOC(=O)N1CCc2cc(F)c(C(=O)Nc3cccc(-c4nncn4[C@@H](C)CF)n3)cc2C1,>2 rings causes RDKit C++ hang - bypassed,val
CHEMBL5830886,COCCC(=O)N1CCc2cc(OC)c(C(=O)Nc3cccc(-c4nncn4C(C)C)n3)cc2C1,>2 rings causes RDKit C++ hang - bypassed,val
CHEMBL5883817,COc1cc2c(cc1C(=O)Nc1cccc(-c3nncn3C(C)C)n1)CN(C(=O)C(C)(C)CO)CC2,>2 rings causes RDKit C++ hang - bypassed,val
CHEMBL6002326,COc1cc2c(cc1C(=O)Nc1cccc(-c3nncn3C(C)C)n1)CN(C(=O)C[C@H](C)O)CC2,>2 rings causes RDKit C++ hang - bypassed,val
CHEMBL6000664,COc1cc2c(cc1C(=O)Nc1cccc(-c3nncn3C(C)C)n1)CN(C(=O)[C@@H](O)CC(C)C)CC2,>2 rings causes RDKit C++ hang - bypassed,val
CHEMBL5852461,COc1cc2c(cc1C(=O)Nc1cccc(-c3nncn3C(C)C)n1)CN(C(=O)C(C)(C)O)CC2,>2 rings causes RDKit C++ hang - bypassed,val
CHEMBL5778402,CC(C)n1nnnc1-c1cccc(N2Cc3ccc(-c4cccnc4)cc3C2=O)n1,>2 rings causes RDKit C++ hang - bypassed,val
CHEMBL5405312,O=C(Nc1cccc(-c2nncn2C2CC2)n1)c1cc(-c2ccc3[nH]ccc3c2)cn(Cc2ccccc2F)c1=O,>2 rings causes RDKit C++ hang - bypassed,val
CHEMBL5874720,Cc1cc2ncn(-c3cccc(-c4nncn4C(C)C)c3)c(=O)c2cc1-n1cnc(C2CC2)c1,>2 rings causes RDKit C++ hang - bypassed,val
CHEMBL5852256,Cc1cc2c(cc1-n1cnc(C3CC3)c1)C(=O)N(c1cccc(-c3nnc4n3CCC4)n1)C2,>2 rings causes RDKit C++ hang - bypassed,val
CHEMBL5831558,Cc1cc2c(cc1-n1cnc(C3CC3)c1)C(=O)N(c1cccc(-c3nnc4n3[C@H](C(F)(F)F)CC4)n1)C2,>2 rings causes RDKit C++ hang - bypassed,val
CHEMBL5780858,O=C1Nc2cccc(n2)-c2nncn2CCCCCOc2ccc(N3CCOCC3)cc21,Bridgehead atoms cause C++ RDKit hang,val
CHEMBL5523506,CC(C)n1cnnc1-c1cccc(N2Cc3cc(-n4cnc(C5CC5)c4)ccc3C2=O)n1,>2 rings causes RDKit C++ hang - bypassed,val
CHEMBL5565439,CC(C)n1cnnc1-c1cccc(N2C(=O)c3ccc(-n4cnc(C5CC5)c4)cc3C2(C)C)n1,>2 rings causes RDKit C++ hang - bypassed,val
CHEMBL5935859,COc1cc2c(cc1C(=O)Nc1cccc(-c3nnnn3[C@H](C)CO)n1)CN(C(=O)c1cn(C3CC3)cn1)CC2,>2 rings causes RDKit C++ hang - bypassed,val
CHEMBL3926976,C[C@H](n1cnnc1-c1nc(NC(=O)c2cc(-n3cnc(C4CC4)c3)c(N3CCN4C(=O)OCC4C3)cn2)cs1)C(F)(F)F,>2 rings causes RDKit C++ hang - bypassed,val
CHEMBL5760409,CC(C)n1nnnc1-c1nc(NC(=O)c2cc(-c3cnn(C4CC4)c3)c(F)cn2)cs1,>2 rings causes RDKit C++ hang - bypassed,val
CHEMBL5824338,CC(C)n1nnnc1-c1nc(NC(=O)c2cc(-c3cnn(C4CC4)c3)c(C(F)(F)F)cn2)cs1,>2 rings causes RDKit C++ hang - bypassed,val
CHEMBL5809568,CC(C)n1nnnc1-c1nc(NC(=O)c2cc(-c3cnn(C4CC4)c3)c(C(F)F)cn2)cs1,>2 rings causes RDKit C++ hang - bypassed,val
CHEMBL5958417,O=C(Nc1cccc(-c2nnc3n2CCCC3)n1)c1cc(-n2cnc(C3CC3)c2)c(OCC2COC2)cc1F,>2 rings causes RDKit C++ hang - bypassed,val
CHEMBL6049910,O=C1Nc2cccc(n2)-c2nncn2CCCCOc2ccc(N3CC(F)(F)C3)cc21,Bridgehead atoms cause C++ RDKit hang,val
CHEMBL5843273,Cc1c[nH]c2ncc(C#N)c(N3CCC(NC(=O)c4cc(N)ncc4F)CC3)c12,>2 rings causes RDKit C++ hang - bypassed,val
CHEMBL5776905,Nc1cc(C(=O)NC2CCN(c3ccnc4[nH]cc(Cl)c34)CC2)c(F)cn1,>2 rings causes RDKit C++ hang - bypassed,val
CHEMBL5840554,Cc1cc(F)c(C(=O)Nc2cccc(-n3ccnc3C(C)C)n2)cc1-n1cnc(C2CC2)c1,>2 rings causes RDKit C++ hang - bypassed,val
CHEMBL5559764,Cc1cc(F)c(C(=O)Nc2cccc3c2OC2(CC2)Cn2cnnc2-3)cc1-n1cnc(C2CC2)c1,Spiro atoms cause C++ RDKit hang,val
CHEMBL5881636,COc1cc2c(cc1C(=O)Nc1cccc(-c3nnnn3[C@H](C)CO)n1)CN(C(=O)ON1CCOC1=O)CC2,>2 rings causes RDKit C++ hang - bypassed,val
CHEMBL4862847,COc1nn(-c2cccnn2)cc1C(=O)Nc1cccc(-c2nncn2[C@@H](C)C(F)(F)F)n1,>2 rings causes RDKit C++ hang - bypassed,val
CHEMBL5898388,CC(C)n1cnnc1-c1cccc(NC(=O)c2cc3c(cc2F)CCN(C(=O)OC2CCCC2)C3)n1,>2 rings causes RDKit C++ hang - bypassed,val
CHEMBL5979835,CC(C)n1cnnc1-c1cccc(NC(=O)c2ccc3c(c2)CN(C(=O)OC2CCCC2)CC3)n1,>2 rings causes RDKit C++ hang - bypassed,val
CHEMBL5751907,C[C@H](CO)n1cnnc1-c1cccc(NC(=O)c2cc3c(cc2F)CCN(C(=O)OC2CCCC2)C3)n1,>2 rings causes RDKit C++ hang - bypassed,val
CHEMBL4856252,CC(C)n1cnnc1-c1ccc2[nH]nc(-c3cccc(-c4ccnn4C)c3)c2c1,>2 rings causes RDKit C++ hang - bypassed,val
CHEMBL5440185,O=C(Nc1cccc(-c2nncn2C2CC2)n1)c1cc(-c2cnn(C(F)F)c2)cn(Cc2ccccc2F)c1=O,>2 rings causes RDKit C++ hang - bypassed,val
CHEMBL6061322,O=C1Nc2cccc(n2)-c2nncn2CCCCOc2ccc(C3CCOCC3)cc21,Bridgehead atoms cause C++ RDKit hang,val
CHEMBL6064371,O=C1Nc2cccc(n2)-c2nncn2CCCCOc2cc(F)c(C3CCOCC3)cc21,Bridgehead atoms cause C++ RDKit hang,val
CHEMBL6055429,O=C(NC1CCOCC1)c1ccc2c(c1)CN(c1cccc(-c3nncn3C3CC3)n1)C2=O,>2 rings causes RDKit C++ hang - bypassed,val
CHEMBL5565499,Cc1cc(F)c(C(=O)Nc2cccc(-c3nnc4n3CC(C3CC3)C4)n2)cc1-n1cnc(C2CC2)c1,>2 rings causes RDKit C++ hang - bypassed,val
CHEMBL4291517,C[C@@H]1O[C@@H]2C[C@](O)([C@H]1O)n1c3ccccc3c3c4c(c5c6cc(O)ccc6n2c5c31)C(=O)NC4,Bridgehead atoms cause C++ RDKit hang,val
CHEMBL4280872,C[C@H]1O[C@@H]2C[C@](O)([C@H]1O)n1c3ccccc3c3c4c(c5c6cc(O)ccc6n2c5c31)C(=O)NC4,Bridgehead atoms cause C++ RDKit hang,val
CHEMBL3893943,O=C(Nc1csc(-c2nncn2C2CC2)n1)c1cc(-n2cnc(C3CC3)c2)c(N2CCCOCC2)cn1,>2 rings causes RDKit C++ hang - bypassed,val
CHEMBL5898034,O=C1c2cc(-c3cnn(C4CC4)c3)ccc2CN1c1cccc(-c2nncn2C2CC2)n1,>2 rings causes RDKit C++ hang - bypassed,test
CHEMBL5935371,CC(C)n1nnnc1-c1cccc(NC(=O)c2cc3c(cc2F)CCN(C(C)(C)C)S3(=O)=O)n1,>2 rings causes RDKit C++ hang - bypassed,test
CHEMBL5797901,COc1cc2c(cc1C(=O)Nc1cccc(-c3nnnn3C(C)C)n1)S(=O)(=O)N(C(C)(C)C)CC2,>2 rings causes RDKit C++ hang - bypassed,test
CHEMBL5991924,O=C(c1ccc2c(c1)CN(c1cccc(-c3nncn3C3CC3)n1)C2=O)N1CCC1,>2 rings causes RDKit C++ hang - bypassed,test
CHEMBL5791231,COc1cc2c(cc1C(=O)Nc1cccc(-c3nncn3C(C)C)n1)CN(C(=O)c1ccc(F)cc1)CC2,>2 rings causes RDKit C++ hang - bypassed,test
CHEMBL5836796,COc1cc2c(cc1C(=O)Nc1cccc(-c3nncn3[C@H](C)CO)n1)CN(C(=O)c1ccc(F)cc1)CC2,>2 rings causes RDKit C++ hang - bypassed,test
CHEMBL5978719,C[C@H](CO)n1cnnc1-c1cccc(NC(=O)c2cc3c(cc2F)CCN(C(=O)c2ccc(F)cc2)C3)n1,>2 rings causes RDKit C++ hang - bypassed,test
CHEMBL5777130,CC(C)n1nnnc1-c1cccc(NC(=O)c2cc(-n3cnc(C4CC4)c3)c(N3CCCCC3)cn2)n1,>2 rings causes RDKit C++ hang - bypassed,test
CHEMBL3925596,C[C@H](n1cnnc1-c1nc(NC(=O)c2cc(-n3cnc(C4CC4)c3)c(N3CCN(C4CC4)CC3)cn2)cs1)C(F)(F)F,>2 rings causes RDKit C++ hang - bypassed,test
CHEMBL5559621,CC(C)n1cnnc1-c1cccc(NC(=O)c2cc3c(cc2F)CNCc2nc(C4CC4)cn2-3)n1,>2 rings causes RDKit C++ hang - bypassed,test
CHEMBL5847471,O=C1Nc2cccc(n2)-c2nncn2CCCCOc2ccc(N3CC4CC(C3)O4)cc21,Bridgehead atoms cause C++ RDKit hang,test
CHEMBL5977642,O=C1Nc2cccc(n2)-c2nncn2CCCCOc2cc(F)c(N3CC4CC(C3)O4)cc21,Bridgehead atoms cause C++ RDKit hang,test
CHEMBL5838367,C[C@H]1CCCOc2cc(F)c(N3CC4CC(C3)O4)cc2C(=O)Nc2cccc(n2)-c2nncn21,Bridgehead atoms cause C++ RDKit hang,test
CHEMBL5977653,C[C@H](CO)n1nnnc1-c1cccc(NC(=O)c2cc3c(cc2F)CCN(C2CC2)C3)n1,>2 rings causes RDKit C++ hang - bypassed,test
CHEMBL5788060,C[C@H](CO)n1nnnc1-c1cccc(NC(=O)c2cc3c(cc2F)CCN(S(=O)(=O)c2ccc(F)cc2)C3)n1,>2 rings causes RDKit C++ hang - bypassed,test
CHEMBL5740583,O=C1Nc2cccc(n2)-c2nncn2CCCCOc2ccc(-c3ccccn3)cc21,Bridgehead atoms cause C++ RDKit hang,test
CHEMBL5960635,CC(C)n1cnnc1-c1cccc(NC(=O)c2cc(Oc3cccc(N4CCCC4)n3)ccc2F)n1,>2 rings causes RDKit C++ hang - bypassed,test
CHEMBL4780607,CC(C)n1cnnc1-c1cccc(NC(=O)Nc2cnc3ccccn23)n1,>2 rings causes RDKit C++ hang - bypassed,test
CHEMBL5785855,O=C1Nc2cccc(n2)-c2nncn2CCCOc2ccc(N3CCOCC3)cc21,Bridgehead atoms cause C++ RDKit hang,test
CHEMBL5939814,Cc1cc2ncn(-c3cccc(-c4nncn4C4CC4)n3)c(=O)c2cc1-n1cnc(C2CC2)c1,>2 rings causes RDKit C++ hang - bypassed,test
CHEMBL5922291,CC(C)(C)OC(=O)NCc1cc(Oc2ccnc(C(=O)Nc3cccc(-c4nncn4C4CC4)n3)c2)nc(C(F)(F)F)c1,>2 rings causes RDKit C++ hang - bypassed,test
CHEMBL5865623,NCc1cc(Oc2ccnc(C(=O)Nc3cccc(-c4nncn4C4CC4)n3)c2)nc(C(F)(F)F)c1,>2 rings causes RDKit C++ hang - bypassed,test
CHEMBL5873525,CC(C)n1nnnc1-c1cccc(NC(=O)c2cc3c(cc2F)CCN(C(=O)N2CCS(=O)(=O)CC2)C3)n1,>2 rings causes RDKit C++ hang - bypassed,test
CHEMBL4856712,CC(C)n1cnnc1-c1ccc2[nH]nc(-c3cccc(-n4cnc(C5CC5)c4)c3)c2c1,>2 rings causes RDKit C++ hang - bypassed,test
CHEMBL4878227,COc1cc(-c2n[nH]c3ccc(-c4nncn4C(C)C)cc23)cc(-n2cnc(C3CC3)c2)c1,>2 rings causes RDKit C++ hang - bypassed,test
CHEMBL5969086,Cc1nc(-c2cc(C(=O)Nc3cccc(-c4nnnn4C(C)C)n3)ncc2C)cs1,>2 rings causes RDKit C++ hang - bypassed,test
CHEMBL5811794,COc1cc2c(cc1C(=O)Nc1cccc(-c3nnnn3[C@H](C)CO)n1)CN(C(=O)C1(O)CC1)CC2,>2 rings causes RDKit C++ hang - bypassed,test
CHEMBL5561076,COc1cc2nncc(Oc3ccc(NC(=O)c4cn(C(C)C)c5c(c4=O)CCC=C5)cc3)c2cc1OC,>2 rings causes RDKit C++ hang - bypassed,test
CHEMBL5871172,O=C(c1ccc2c(c1)CN(c1cccc(-c3nncn3C3CC3)n1)C2=O)N1CC2CCC(C1)O2,Bridgehead atoms cause C++ RDKit hang,test
CHEMBL6026397,Cc1cc(F)c(C(=O)Nc2cccc(-c3cnnn3C(C)C)n2)cc1-n1cnc(C2CC2)c1,>2 rings causes RDKit C++ hang - bypassed,test
CHEMBL4088216,CN1C(=O)[C@@H](N2CCc3cn(Cc4ccccc4)nc3C2=O)COc2ccccc21,>2 rings causes RDKit C++ hang - bypassed,test
CHEMBL4549667,CN1C(=O)[C@@H](N2CCc3c(nn(Cc4ccccc4)c3Br)C2=O)COc2ccccc21,>2 rings causes RDKit C++ hang - bypassed,test
CHEMBL5567990,Cc1cc(F)c(C(=O)Nc2cccc(-c3nnc4ccccn34)n2)cc1-n1cnc(C2CC2)c1,>2 rings causes RDKit C++ hang - bypassed,test
CHEMBL6038599,Cc1ncc(CCN2CCN(c3cccc(-c4nncn4C(C)C)n3)C2=O)cn1,>2 rings causes RDKit C++ hang - bypassed,test
CHEMBL4447729,O=C1Nc2cccc(n2)-c2nncn2CCCCCOc2ccccc21,Bridgehead atoms cause C++ RDKit hang,test
CHEMBL6040096,O=C1Nc2cccc(n2)-c2nncn2CCCCCOc2ccc(Br)cc21,Bridgehead atoms cause C++ RDKit hang,test
CHEMBL5915590,C[C@H](CO)n1nnnc1-c1cccc(NC(=O)c2cc3c(cn2)CN(C(=O)OCc2ccccc2)C3)n1,>2 rings causes RDKit C++ hang - bypassed,test
CHEMBL5883232,CC(C)n1nnnc1-c1cccc(NC(=O)c2cc3c(cn2)CN(C(=O)OCc2ccccc2)C3)n1,>2 rings causes RDKit C++ hang - bypassed,test
CHEMBL5928122,O=C1Nc2cccc(n2)-c2nncn2CCCCOc2ccc(C3CCOC3)cc21,Bridgehead atoms cause C++ RDKit hang,test
CHEMBL5946825,Cc1cc(F)c(C(=O)Nc2ccnc(-c3nnnn3C(C)C)n2)cc1-n1cnc(C2CC2)c1,>2 rings causes RDKit C++ hang - bypassed,test
CHEMBL5954751,Cc1cc(F)c(C(=O)Nc2ccnc(-c3nnn[nH]3)n2)cc1-n1cnc(C2CC2)c1,>2 rings causes RDKit C++ hang - bypassed,test
CHEMBL5558305,Cc1cc(F)c(C(=O)Nc2cccc3c2OCCn2nnnc2-3)cc1-n1cnc(C2CC2)c1,>2 rings causes RDKit C++ hang - bypassed,test
CHEMBL5798029,Cc1cc(F)c(C(=O)Nc2cccc3c2OC[C@H](C)n2nnnc2-3)cc1-n1cnc(C2CC2)c1,>2 rings causes RDKit C++ hang - bypassed,test
CHEMBL6037560,Cc1cc(F)c(C(=O)Nc2cccc3c2OC[C@@H](C)n2nnnc2-3)cc1-n1cnc(C2CC2)c1,>2 rings causes RDKit C++ hang - bypassed,test
CHEMBL5976522,Cc1cc(F)c(C(=O)Nc2cccc3c2OCC(C)(C)n2nnnc2-3)cc1-n1cnc(C2CC2)c1,>2 rings causes RDKit C++ hang - bypassed,test
CHEMBL5747527,Cc1cc(F)c(C(=O)Nc2cccc3c2OC[C@@H](CO)n2nnnc2-3)cc1-n1cnc(C2CC2)c1,>2 rings causes RDKit C++ hang - bypassed,test
CHEMBL5802582,Cc1cc(F)c(C(=O)Nc2cccc3c2OC[C@H](CO)n2nnnc2-3)cc1-n1cnc(C2CC2)c1,>2 rings causes RDKit C++ hang - bypassed,test
CHEMBL5926940,Cc1cc(F)c(C(=O)Nc2cccc3c2OC[C@H](CF)n2nnnc2-3)cc1-n1cnc(C2CC2)c1,>2 rings causes RDKit C++ hang - bypassed,test
CHEMBL6038570,Cc1cc(F)c(C(=O)Nc2cccc3c2OC[C@@H](CF)n2nnnc2-3)cc1-n1cnc(C2CC2)c1,>2 rings causes RDKit C++ hang - bypassed,test
CHEMBL5937514,Cc1cc(F)c(C(=O)Nc2cccc3c2O[C@@H](C)Cn2nnnc2-3)cc1-n1cnc(C2CC2)c1,>2 rings causes RDKit C++ hang - bypassed,test
CHEMBL5803572,Cc1cc(F)c(C(=O)Nc2cccc3c2O[C@H](C)Cn2nnnc2-3)cc1-n1cnc(C2CC2)c1,>2 rings causes RDKit C++ hang - bypassed,test
CHEMBL5840351,Cc1cc(F)c(C(=O)Nc2cccc3c2OC[C@@H]([C@H](C)O)n2nnnc2-3)cc1-n1cnc(C2CC2)c1,>2 rings causes RDKit C++ hang - bypassed,test
CHEMBL6047707,Cc1cc(F)c(C(=O)Nc2cccc3c2OC[C@@H]([C@@H](C)O)n2nnnc2-3)cc1-n1cnc(C2CC2)c1,>2 rings causes RDKit C++ hang - bypassed,test
CHEMBL4748086,CC(C)n1cnnc1-c1cccc(NC(=O)Nc2cccnc2)n1,>2 rings causes RDKit C++ hang - bypassed,test
CHEMBL5555559,CC(C)n1cnnc1-c1cccc(NC(=O)c2cc3c(cc2F)CCCc2nc(C4CC4)cn2-3)n1,>2 rings causes RDKit C++ hang - bypassed,test
CHEMBL4753270,CC(C)n1cnnc1-c1cccc(NC(=O)Nc2cnn(C)c2)n1,>2 rings causes RDKit C++ hang - bypassed,test
CHEMBL5904652,CC(C)n1cnnc1-c1cccc(N2Cc3ccc(-c4cccc(C5(C(=O)O)CC5)c4)cc3C2=O)n1,>2 rings causes RDKit C++ hang - bypassed,test
CHEMBL6032279,O=C1Nc2cccc(n2)-c2nncn2CCCCOc2ccc(-c3ccncc3)cc21,Bridgehead atoms cause C++ RDKit hang,test
CHEMBL5998407,O=C1Nc2cccc(n2)-c2nncn2CCCCOc2cc(F)c(-c3ccncc3)cc21,Bridgehead atoms cause C++ RDKit hang,test
CHEMBL6033340,O=C1Nc2cccc(n2)-c2nncn2CCCCOc2cc(F)c(-c3ccnc(C(F)(F)F)c3)cc21,Bridgehead atoms cause C++ RDKit hang,test
CHEMBL5832994,Cc1cc(-c2cc3c(cc2F)OCCCCn2cnnc2-c2cccc(n2)NC3=O)ccn1,Bridgehead atoms cause C++ RDKit hang,test
CHEMBL5937383,O=C1Nc2cccc(n2)-c2nncn2CCCCOc2cc(F)c(-c3ccnc(F)c3)cc21,Bridgehead atoms cause C++ RDKit hang,test
CHEMBL5789893,C[C@H]1CCCOc2cc(F)c(-c3ccncc3)cc2C(=O)Nc2cccc(n2)-c2nncn21,Bridgehead atoms cause C++ RDKit hang,test
CHEMBL5980357,C[C@H]1CCCn2cnnc2-c2cccc(n2)NC(=O)c2cc(-c3ccncc3)ccc2O1,Bridgehead atoms cause C++ RDKit hang,test
CHEMBL5900495,C[C@@H]1CCCn2cnnc2-c2cccc(n2)NC(=O)c2cc(-c3ccncc3)ccc2O1,Bridgehead atoms cause C++ RDKit hang,test
CHEMBL5874784,O=C(NCCn1ccnc1)c1ccc2c(c1)CN(c1cccc(-c3nncn3C3CC3)n1)C2=O,>2 rings causes RDKit C++ hang - bypassed,test
CHEMBL5827009,CC(C)n1cnnc1-c1cccc(NC(=O)c2cccc(OCc3cccnc3)c2)n1,>2 rings causes RDKit C++ hang - bypassed,test
CHEMBL5988136,CC(C)n1nnnc1-c1cccc(NC(=O)c2cc(-c3cnn(C4CC4)c3)c(N3CCN(C)CC3)cn2)n1,>2 rings causes RDKit C++ hang - bypassed,test
CHEMBL5564139,Cc1cc(F)c(C(=O)Nc2cccc(-c3nnc4ncncn34)n2)cc1-n1cnc(C2CC2)c1,>2 rings causes RDKit C++ hang - bypassed,test
CHEMBL4776637,CC(C)n1cnnc1-c1cccc(NC(=O)Nc2ccccn2)n1,>2 rings causes RDKit C++ hang - bypassed,test
CHEMBL4759182,CC(C)n1cnnc1-c1cccc(NC(=O)Nc2ncc3[nH]cnc3n2)n1,>2 rings causes RDKit C++ hang - bypassed,test
CHEMBL5775165,CC(C)n1cnnc1-c1cccc(N2Cc3ccc(-c4ccc(C(C)(C)c5nn[nH]n5)cc4)cc3C2=O)n1,>2 rings causes RDKit C++ hang - bypassed,test
CHEMBL5895864,CC(C)n1nnnc1-c1cccc(NC(=O)c2cc3c(cn2)CCN(C(=O)N2CCS(=O)(=O)CC2)C3)n1,>2 rings causes RDKit C++ hang - bypassed,test
CHEMBL5883012,CC(C)n1cnnc1-c1cccc(NC(=O)c2cc3c(cc2F)CCN(S(=O)(=O)NC2CC2)C3)n1,>2 rings causes RDKit C++ hang - bypassed,test
CHEMBL5751315,CC(C)n1nnnc1-c1nc(NC(=O)c2cc(-n3cnc(C4CC4)c3)c(N3CCCC3)cn2)cs1,>2 rings causes RDKit C++ hang - bypassed,test
CHEMBL4862079,c1cc(-c2n[nH]c3ccc(-c4nncn4C4CCC4)cc23)cc(-n2cnc(C3CC3)c2)c1,>2 rings causes RDKit C++ hang - bypassed,test
CHEMBL5781126,C[C@H](CO)n1nnnc1-c1cccc(NC(=O)c2cc3c(cc2F)CCN(Cc2ccc(F)cc2)C3)n1,>2 rings causes RDKit C++ hang - bypassed,test
CHEMBL4548492,O=C1Nc2cccc(n2)-c2nncn2CCCCOc2ccc(N3CCOCC3)cc21,Bridgehead atoms cause C++ RDKit hang,test
CHEMBL5867641,O=C1Nc2cccc(n2)-c2nncn2CCCCOc2cc(F)c(N3CCOCC3)cc21,Bridgehead atoms cause C++ RDKit hang,test
CHEMBL5802514,C[C@H]1CCCOc2cc(F)c(N3CCOCC3)cc2C(=O)Nc2cccc(n2)-c2nncn21,Bridgehead atoms cause C++ RDKit hang,test
CHEMBL5906967,C[C@H]1CCCn2cnnc2-c2cccc(n2)NC(=O)c2cc(N3CCOCC3)ccc2O1,Bridgehead atoms cause C++ RDKit hang,test
CHEMBL5793693,C[C@@H]1CCCn2cnnc2-c2cccc(n2)NC(=O)c2cc(N3CCOCC3)ccc2O1,Bridgehead atoms cause C++ RDKit hang,test
CHEMBL4632465,COc1nn(C)cc1C(=O)Nc1cccc(-c2nncn2C(C)C)c1,>2 rings causes RDKit C++ hang - bypassed,test
CHEMBL5773407,O=C1c2cc(-c3cccnc3)ccc2CN1c1cccc(-c2nncn2C2CC2)n1,>2 rings causes RDKit C++ hang - bypassed,test
CHEMBL5986425,Cc1ccncc1-c1ccc2c(c1)C(=O)N(c1cccc(-c3nncn3C3CC3)n1)C2,>2 rings causes RDKit C++ hang - bypassed,test
CHEMBL5977068,Cc1ccc(-c2ccc3c(c2)C(=O)N(c2cccc(-c4nncn4C4CC4)n2)C3)cn1,>2 rings causes RDKit C++ hang - bypassed,test
CHEMBL5908691,COc1ccc(-c2ccc3c(c2)C(=O)N(c2cccc(-c4nncn4C4CC4)n2)C3)cn1,>2 rings causes RDKit C++ hang - bypassed,test
CHEMBL6004402,O=C1c2cc(-c3cnccc3F)ccc2CN1c1cccc(-c2nncn2C2CC2)n1,>2 rings causes RDKit C++ hang - bypassed,test
CHEMBL5750818,O=C1c2cc(-c3cnccc3Cl)ccc2CN1c1cccc(-c2nncn2C2CC2)n1,>2 rings causes RDKit C++ hang - bypassed,test
CHEMBL5832312,Cc1ncccc1-c1ccc2c(c1)C(=O)N(c1cccc(-c3nncn3C3CC3)n1)C2,>2 rings causes RDKit C++ hang - bypassed,test
CHEMBL5895515,O=C1c2cc(-c3cccnc3F)ccc2CN1c1cccc(-c2nncn2C2CC2)n1,>2 rings causes RDKit C++ hang - bypassed,test
CHEMBL5821527,Cc1cncc(-c2ccc3c(c2)C(=O)N(c2cccc(-c4nncn4C4CC4)n2)C3)c1,>2 rings causes RDKit C++ hang - bypassed,test
CHEMBL5754261,O=C1c2cc(-c3cncc(F)c3)ccc2CN1c1cccc(-c2nncn2C2CC2)n1,>2 rings causes RDKit C++ hang - bypassed,test
CHEMBL6024941,O=C1c2cc(-c3cccnc3)c(F)cc2CN1c1cccc(-c2nncn2C2CC2)n1,>2 rings causes RDKit C++ hang - bypassed,test
CHEMBL5761415,Cc1cc2c(cc1-c1cccnc1)C(=O)N(c1cccc(-c3nncn3C3CC3)n1)C2,>2 rings causes RDKit C++ hang - bypassed,test
CHEMBL5985678,O=C1c2cc(-c3cccnc3)c(Cl)cc2CN1c1cccc(-c2nncn2C2CC2)n1,>2 rings causes RDKit C++ hang - bypassed,test
CHEMBL5975565,COc1cc2c(cc1-c1cccnc1)C(=O)N(c1cccc(-c3nncn3C3CC3)n1)C2,>2 rings causes RDKit C++ hang - bypassed,test
CHEMBL5767049,CN(C)c1cc2c(cc1-c1cccnc1)C(=O)N(c1cccc(-c3nncn3C3CC3)n1)C2,>2 rings causes RDKit C++ hang - bypassed,test
CHEMBL5748930,CC(C)Oc1cc2c(cc1-c1cccnc1)C(=O)N(c1cccc(-c3nncn3C3CC3)n1)C2,>2 rings causes RDKit C++ hang - bypassed,test
CHEMBL5797676,COC(=O)c1cc2c(cc1-c1cccnc1)C(=O)N(c1cccc(-c3nncn3C3CC3)n1)C2,>2 rings causes RDKit C++ hang - bypassed,test
CHEMBL5882539,O=C1c2cc(-c3ccc(C4CC4)nc3)ccc2CN1c1cccc(-c2nncn2C2CC2)n1,>2 rings causes RDKit C++ hang - bypassed,test
CHEMBL6038640,O=C1Nc2cccc(n2)-c2nncn2CCCCOc2ccc(-c3cccnc3)cc21,Bridgehead atoms cause C++ RDKit hang,test
CHEMBL5910011,Cc1ccc(-c2cc3c(cc2F)OCCCCn2cnnc2-c2cccc(n2)NC3=O)cn1,Bridgehead atoms cause C++ RDKit hang,test
CHEMBL5788323,O=C1Nc2cccc(n2)-c2nncn2CCCCOc2cc(F)c(-c3cncc(C(F)(F)F)c3)cc21,Bridgehead atoms cause C++ RDKit hang,test
CHEMBL6050204,C[C@H]1CCCOc2cc(F)c(-c3cncc(C(F)(F)F)c3)cc2C(=O)Nc2cccc(n2)-c2nncn21,Bridgehead atoms cause C++ RDKit hang,test
CHEMBL5974969,CC(C)n1nnnc1-c1cccc(NC(=O)c2cc3c(cc2F)CCN(S(=O)(=O)C2CC2)C3)n1,>2 rings causes RDKit C++ hang - bypassed,test
CHEMBL5762618,COc1cc2c(cc1C(=O)Nc1cccc(-c3nnnn3C(C)C)n1)CN(S(=O)(=O)C1CC1)CC2,>2 rings causes RDKit C++ hang - bypassed,test
CHEMBL6055067,COc1cc2c(cc1C(=O)Nc1cccc(-c3nnnn3[C@H](C)CO)n1)CN(S(=O)(=O)C1CC1)CC2,>2 rings causes RDKit C++ hang - bypassed,test
CHEMBL5798902,C[C@H](CO)n1nnnc1-c1cccc(NC(=O)c2cc3c(cc2F)CCN(S(=O)(=O)C2CC2)C3)n1,>2 rings causes RDKit C++ hang - bypassed,test
CHEMBL5761441,C[C@H](CO)n1cnnc1-c1cccc(NC(=O)c2cc(Nc3ccc(F)cc3)ccc2F)n1,>2 rings causes RDKit C++ hang - bypassed,test
CHEMBL4753801,CC(C)n1cnnc1-c1cccc(NC(=O)Nc2ccc(-c3cnn(C)c3)cc2)n1,>2 rings causes RDKit C++ hang - bypassed,test
CHEMBL5994495,O=C1Nc2cccc(n2)-c2nncn2CCCCOc2cc(F)c(-c3ccnc(C4CC4)c3)cc21,Bridgehead atoms cause C++ RDKit hang,test
CHEMBL5808010,O=C1Nc2cccc(n2)-c2nncn2CCCCOc2ccc(N3CCC(F)(F)C3)cc21,Bridgehead atoms cause C++ RDKit hang,test
CHEMBL5399125,Cn1nc(C(F)(F)F)c2cc(C(=O)Nc3cccc(-c4nncn4C4CC4)n3)c(OCc3ccccc3F)nc21,>2 rings causes RDKit C++ hang - bypassed,test
CHEMBL6030573,Cc1cc(F)c(C(=O)Nc2cccc(-c3nnnn3C(C)C)n2)cc1-c1cn(C(C)C)cn1,>2 rings causes RDKit C++ hang - bypassed,test
CHEMBL5831501,Cc1cc(F)c(C(=O)Nc2cccc(-c3nnnn3[C@H](C)CO)n2)cc1-c1cn(C(C)C)cn1,>2 rings causes RDKit C++ hang - bypassed,test
CHEMBL4778358,CC(C)n1cnnc1-c1cccc(NC(=O)Nc2cnc3ccccc3n2)n1,>2 rings causes RDKit C++ hang - bypassed,test
CHEMBL4761865,C[C@H](CO)n1cnnc1-c1cccc(NC(=O)Nc2cnc3ccccc3n2)n1,>2 rings causes RDKit C++ hang - bypassed,test
CHEMBL4475667,Cn1cc(-c2ccc3c(c2)C(=O)Nc2cccc(n2)-c2nncn2CCCCO3)cn1,Bridgehead atoms cause C++ RDKit hang,test
CHEMBL4456722,CN(C)CCn1cc(-c2ccc3c(c2)C(=O)Nc2cccc(n2)-c2nncn2CCCCO3)cn1,Bridgehead atoms cause C++ RDKit hang,test
CHEMBL4591648,C[C@@H]1CCOc2cc(F)c(-c3cnn(CCN(C)C)c3)cc2C(=O)Nc2cccc(n2)-c2nncn2C1,Bridgehead atoms cause C++ RDKit hang,test
CHEMBL5746460,Cc1nn(C)cc1-c1ccc2c(c1)C(=O)Nc1cccc(n1)-c1nncn1CCCCO2,Bridgehead atoms cause C++ RDKit hang,test
CHEMBL5895157,Cc1nn(C)c(C)c1-c1ccc2c(c1)C(=O)Nc1cccc(n1)-c1nncn1CCCCO2,Bridgehead atoms cause C++ RDKit hang,test
CHEMBL5774000,C[C@H]1CCCOc2ccc(-c3cnn(C)c3)cc2C(=O)Nc2cccc(n2)-c2nncn21,Bridgehead atoms cause C++ RDKit hang,test
CHEMBL5757202,C[C@@H]1CCCOc2ccc(-c3cnn(C)c3)cc2C(=O)Nc2cccc(n2)-c2nncn21,Bridgehead atoms cause C++ RDKit hang,test
CHEMBL5850965,CC(C)n1cc(-c2ccc3c(c2)C(=O)Nc2cccc(n2)-c2nncn2CCCCO3)cn1,Bridgehead atoms cause C++ RDKit hang,test
CHEMBL5880499,Cc1c(-c2ccc3c(c2)C(=O)Nc2cccc(n2)-c2nncn2CCCCO3)cnn1C,Bridgehead atoms cause C++ RDKit hang,test
CHEMBL5772910,Cc1c(-c2cc3c(cc2F)OCCCCn2cnnc2-c2cccc(n2)NC3=O)cnn1C,Bridgehead atoms cause C++ RDKit hang,test
CHEMBL5937238,Cn1cc(-c2cc3c(cc2F)OCCCCn2cnnc2-c2cccc(n2)NC3=O)cn1,Bridgehead atoms cause C++ RDKit hang,test
CHEMBL5914281,CN(C)CCn1cc(-c2cc3c(cc2F)OCCCCn2cnnc2-c2cccc(n2)NC3=O)cn1,Bridgehead atoms cause C++ RDKit hang,test
CHEMBL5897136,C[C@H]1CCCOc2cc(F)c(-c3cnn(C)c3)cc2C(=O)Nc2cccc(n2)-c2nncn21,Bridgehead atoms cause C++ RDKit hang,test
CHEMBL6051341,C[C@H]1CCCOc2cc(F)c(-c3cnn(CCN(C)C)c3)cc2C(=O)Nc2cccc(n2)-c2nncn21,Bridgehead atoms cause C++ RDKit hang,test
CHEMBL5973970,C[C@H]1CCOc2cc(F)c(-c3cnn(CCN(C)C)c3)cc2C(=O)Nc2cccc(n2)-c2nncn2C1,Bridgehead atoms cause C++ RDKit hang,test
CHEMBL5809316,C[C@H]1CCCn2cnnc2-c2cccc(n2)NC(=O)c2cc(-c3cnn(CCN(C)C)c3)ccc2O1,Bridgehead atoms cause C++ RDKit hang,test
CHEMBL5754068,C[C@@H]1CCCn2cnnc2-c2cccc(n2)NC(=O)c2cc(-c3cnn(CCN(C)C)c3)ccc2O1,Bridgehead atoms cause C++ RDKit hang,test
CHEMBL5764774,CC(C)n1cnnc1-c1cccc(NC(=O)c2cc(Oc3cccc(C(F)(F)F)n3)ccc2F)c1,>2 rings causes RDKit C++ hang - bypassed,test
CHEMBL5968651,Cc1cc(F)c(C(=O)Nc2cccc(-c3nncn3C(C)C)n2)cc1C1CC1NC(=O)c1ccc(F)cc1,>2 rings causes RDKit C++ hang - bypassed,test
CHEMBL5773215,COc1cc(C)c(C2CC2NC(=O)c2ccc(F)cc2)cc1C(=O)Nc1cccc(-c2nncn2C(C)C)n1,>2 rings causes RDKit C++ hang - bypassed,test
CHEMBL5958702,CC(C)n1cnnc1-c1cccc(NC(=O)c2ccc3ccc(NC4CCCCC4)nc3c2)n1,>2 rings causes RDKit C++ hang - bypassed,test
CHEMBL5989270,O=C1Nc2cccc(n2)-c2nncn2CCCCOc2ccc(-c3cnn(C4CCC4)c3)cc21,Bridgehead atoms cause C++ RDKit hang,test
CHEMBL5886764,Cc1cc2ncn(-c3csc(-c4nncn4C(C)C)n3)c(=O)c2cc1-n1cnc(C2CC2)c1,>2 rings causes RDKit C++ hang - bypassed,test
CHEMBL5559765,CC(C)n1cnnc1-c1cccc(NC(=O)c2cc3c(cc2F)CNCc2c(C4CC4)ncn2-3)n1,>2 rings causes RDKit C++ hang - bypassed,test
CHEMBL6050522,Cc1cc(F)c(C(=O)Nc2cccc(-n3nnnc3C(C)C)n2)cc1-c1cnn(C(C)C)c1,>2 rings causes RDKit C++ hang - bypassed,test
CHEMBL6041414,Cc1cc(F)c(C(=O)Nc2cccc(-n3nnnc3C(C)C)n2)cc1-c1cnn(C(C)(C)C)c1,>2 rings causes RDKit C++ hang - bypassed,test
CHEMBL6057545,Cc1cc(F)c(C(=O)Nc2cccc(-n3nnnc3C(C)C)n2)cc1-c1cnn(C(F)(F)F)c1,>2 rings causes RDKit C++ hang - bypassed,test
CHEMBL5749574,COc1cc(C)c(-c2cnn(C)c2)cc1C(=O)Nc1cccc(-n2nnnc2C(C)C)n1,>2 rings causes RDKit C++ hang - bypassed,test
CHEMBL5776985,CCn1cc(COC(=O)N2CCc3cnc(C(=O)Nc4cccc(-c5nnnn5[C@H](C)CO)n4)cc3C2)cn1,>2 rings causes RDKit C++ hang - bypassed,test
CHEMBL5558642,Cc1ccc(-c2cnc(-c3cccc(-c4nncn4C(C)C)n3)s2)c(F)c1,>2 rings causes RDKit C++ hang - bypassed,test
CHEMBL5783370,CC(C)n1cnnc1-c1cccc(N2CCN([C@H](C)Cn3cnc(C4CC4)c3)C2=O)n1,>2 rings causes RDKit C++ hang - bypassed,test
CHEMBL5927026,CC(C)n1cnnc1-c1cccc(N2CCN(CCn3cnc(C4CC4)c3)C2=O)n1,>2 rings causes RDKit C++ hang - bypassed,test
CHEMBL6021444,CC(C)n1cnnc1-c1cccc(NC(=O)c2cc3c(cc2F)CCN(C(=O)OCc2ccccc2)C3)n1,>2 rings causes RDKit C++ hang - bypassed,test
CHEMBL5953914,CC(C)n1cnnc1-c1cccc(NC(=O)c2ccc3c(c2)CN(C(=O)OCc2ccccc2)CC3)n1,>2 rings causes RDKit C++ hang - bypassed,test
CHEMBL5421044,Cn1nc(C(F)(F)F)c2cc(C(=O)Nc3cccc(-c4nncn4C4CCCCC4)c3)c(=O)[nH]c21,>2 rings causes RDKit C++ hang - bypassed,test
CHEMBL6047994,CC(C)n1nnnc1-c1cccc(NC(=O)c2cc3c(cc2F)CCN(C(=O)OC2CCCC2)C3)n1,>2 rings causes RDKit C++ hang - bypassed,test
CHEMBL6040729,Cc1cc(F)c(C(=O)Nc2cccc(-c3nnnn3C(C)C)n2)cc1-c1ccn(C(C)C)n1,>2 rings causes RDKit C++ hang - bypassed,test
CHEMBL5950807,Cc1cc(F)c(C(=O)Nc2cccc(-c3nnnn3[C@H](C)CO)n2)cc1-c1ccn(C(C)C)n1,>2 rings causes RDKit C++ hang - bypassed,test
CHEMBL5973137,COc1cc(C)c(-c2ccn(C(C)C)n2)cc1C(=O)Nc1cccc(-c2nnnn2C(C)C)n1,>2 rings causes RDKit C++ hang - bypassed,test
CHEMBL5846475,COc1cc(C)c(-c2ccn(C(C)C)n2)cc1C(=O)Nc1cccc(-c2nnnn2[C@H](C)CO)n1,>2 rings causes RDKit C++ hang - bypassed,test
CHEMBL5999203,COc1nc2ccc(C(=O)Nc3cccc(-c4nncn4C(C)C)n3)cc2nc1N1CCOCC1,>2 rings causes RDKit C++ hang - bypassed,test
CHEMBL5775190,CC(C)Oc1nc2ccc(C(=O)Nc3cccc(-c4nncn4C(C)C)n3)cc2nc1N1CCOCC1,>2 rings causes RDKit C++ hang - bypassed,test
CHEMBL5790321,CC(C)n1nnnc1-c1cccc(NC(=O)c2cc3c(cc2F)CCN(S(=O)(=O)CC2CC(F)(F)C2)C3)n1,>2 rings causes RDKit C++ hang - bypassed,test
CHEMBL6055306,C[C@H](CO)n1nnnc1-c1cccc(NC(=O)c2cc3c(cn2)CCN(Cc2ccccc2)C3)n1,>2 rings causes RDKit C++ hang - bypassed,test
CHEMBL4864119,c1cc(-c2n[nH]c3ccc(-c4nncn4C4CCCC4)cc23)cc(-n2cnc(C3CC3)c2)c1,>2 rings causes RDKit C++ hang - bypassed,test
CHEMBL4466569,COc1cc2nncc(Oc3ccc(NC(=O)c4cn(C(C)C)c5ccccc5c4=O)cc3)c2cc1OC,>2 rings causes RDKit C++ hang - bypassed,test
CHEMBL5394085,O=C(Nc1cccc(-c2nncn2C2CC2)n1)c1cc(-c2ccc3scnc3c2)cn(Cc2ccccc2F)c1=O,>2 rings causes RDKit C++ hang - bypassed,test
CHEMBL5951949,CN1CCN(c2cnc(C(=O)Nc3cccc4c3OCCn3nnnc3-4)cc2-n2cnc(C3CC3)c2)CC1,>2 rings causes RDKit C++ hang - bypassed,test
CHEMBL5532414,CC(C)n1cnnc1-c1cccc(NC(=O)c2cc3c(cc2F)COCc2nc(C4CC4)cn2-3)n1,>2 rings causes RDKit C++ hang - bypassed,test
CHEMBL5986845,O=C(c1ccc2c(c1)CN(c1cccc(-c3nncn3C3CC3)n1)C2=O)N1CCCC1,>2 rings causes RDKit C++ hang - bypassed,test
CHEMBL5841500,CO[C@@H]1CCN(C(=O)c2ccc3c(c2)CN(c2cccc(-c4nncn4C4CC4)n2)C3=O)C1,>2 rings causes RDKit C++ hang - bypassed,test
CHEMBL5997284,O=C1c2cc(-c3ccncc3)ccc2CN1c1cccc(-c2nncn2C2CC2)n1,>2 rings causes RDKit C++ hang - bypassed,test
CHEMBL5558421,CC(C)n1cnnc1-c1cccc(-n2ccc3ccc(-n4cnc(C5CC5)c4)cc3c2=O)n1,>2 rings causes RDKit C++ hang - bypassed,test
CHEMBL5559945,COc1cc2ccn(-c3cccc(-c4nncn4C(C)C)n3)c(=O)c2cc1-n1cnc(C2CC2)c1,>2 rings causes RDKit C++ hang - bypassed,test
CHEMBL6051528,CC(C)n1cnnc1-c1cccc(-n2cc(F)c3ccc(-n4cnc(C5CC5)c4)cc3c2=O)n1,>2 rings causes RDKit C++ hang - bypassed,test
CHEMBL5747293,Cc1cc2ccn(-c3cccc(-c4nncn4C(C)C)n3)c(=O)c2cc1-n1cnc(C2CC2)c1,>2 rings causes RDKit C++ hang - bypassed,test
CHEMBL5775006,Cc1cc2c(F)cn(-c3cccc(-c4nncn4C(C)C)n3)c(=O)c2cc1-n1cnc(C2CC2)c1,>2 rings causes RDKit C++ hang - bypassed,test
CHEMBL6065855,O=C(Nc1cccc2c1OCCn1nnnc1-2)c1cc(-n2cnc(C3CC3)c2)c(N2CC[C@@H](O)C2)cn1,>2 rings causes RDKit C++ hang - bypassed,test
CHEMBL5870162,O=C(Nc1cccc2c1OCCn1nnnc1-2)c1cc(-n2cnc(C3CC3)c2)c(N2CC[C@H](O)C2)cn1,>2 rings causes RDKit C++ hang - bypassed,test
CHEMBL5944643,CC1(O)CCN(c2cnc(C(=O)Nc3cccc4c3OCCn3nnnc3-4)cc2-n2cnc(C3CC3)c2)C1,>2 rings causes RDKit C++ hang - bypassed,test
CHEMBL5906830,C[C@@H]1COc2c(NC(=O)c3cc(-n4cnc(C5CC5)c4)c(N4CC[C@@H](O)C4)cn3)cccc2-c2nnnn21,>2 rings causes RDKit C++ hang - bypassed,test
CHEMBL6032788,C[C@H]1COc2c(NC(=O)c3cc(-n4cnc(C5CC5)c4)c(N4CC[C@@H](O)C4)cn3)cccc2-c2nnnn21,>2 rings causes RDKit C++ hang - bypassed,test
CHEMBL5881856,CN1CCC(c2cc3c(cc2F)OCCCCn2cnnc2-c2cccc(n2)NC3=O)CC1,Bridgehead atoms cause C++ RDKit hang,test
CHEMBL5916455,C[C@H]1CCCOc2cc(F)c(C3CCN(C)CC3)cc2C(=O)Nc2cccc(n2)-c2nncn21,Bridgehead atoms cause C++ RDKit hang,test
CHEMBL6017185,C[C@H]1CCOc2cc(F)c(C3CCN(C)CC3)cc2C(=O)Nc2cccc(n2)-c2nncn2C1,Bridgehead atoms cause C++ RDKit hang,test
CHEMBL5954182,C[C@H](CO)n1nnnc1-c1cccc(NC(=O)c2cc3c(cn2)CCN(CC2CC2)C3)n1,>2 rings causes RDKit C++ hang - bypassed,test
CHEMBL3948895,O=C(Nc1csc(-c2nncn2C2CC2)n1)c1cc(-n2cnc(C3CC3)c2)c(N2CCC3(CC2)COC3)cn1,Spiro atoms cause C++ RDKit hang,test
CHEMBL5964467,Cn1ccc(-c2ccc3c(c2)C(=O)N(c2cccc(-c4nncn4C4CC4)n2)C3)n1,>2 rings causes RDKit C++ hang - bypassed,test
CHEMBL5876120,O=C1c2scc(C3CCOCC3)c2CN1c1cccc(-c2nncn2C2CC2)n1,>2 rings causes RDKit C++ hang - bypassed,test
CHEMBL5532500,CC(C)n1cnnc1-c1cccc(-c2cn(C)c3ccc(-n4cnc(C5CC5)c4)cc3c2=O)n1,>2 rings causes RDKit C++ hang - bypassed,test
CHEMBL3922577,O=C(Nc1csc(-c2nncn2C2CC2)n1)c1cc(-n2cnc(C3CC3)c2)c(N2CC3CC3C2)cn1,>2 rings causes RDKit C++ hang - bypassed,test
CHEMBL5976849,O=C1c2cc(-c3cccc(-c4nn[nH]n4)c3)ccc2CN1c1cccc(-c2nncn2C2CC2)n1,>2 rings causes RDKit C++ hang - bypassed,test
CHEMBL6061860,Cc1cnc(C(=O)Nc2cccc(-c3nnnn3C(C)C)n2)cc1-c1cc(C2CC2)no1,>2 rings causes RDKit C++ hang - bypassed,test
CHEMBL3964706,O=C(Nc1csc(-c2nncn2C2CC2)n1)c1cc(-n2cnc(C3CC3)c2)c(N2CCN3CCCC3C2)cn1,>2 rings causes RDKit C++ hang - bypassed,test
CHEMBL5785897,CC(C)n1cnnc1-c1cccc(NC(=O)c2cc(NC(=O)c3cncnc3)ccc2F)n1,>2 rings causes RDKit C++ hang - bypassed,test
